epoch,heap_bytes,heap_real_bytes,peak_bytes,peak_real_bytes
1788946604,990264,2097152,1073736,2097152
1788946606,855976,2097152,1066112,2097152
1788946608,855976,2097152,1066112,2097152
1788946610,855976,2097152,1066112,2097152
1788946612,990272,2097152,1073736,2097152
1788946614,990272,2097152,1073736,2097152
1788946616,855976,2097152,1066112,2097152
1788946618,990272,2097152,1073736,2097152
1788946620,855976,2097152,1066112,2097152
1788946622,990272,2097152,1073736,2097152
1788946624,990272,2097152,1073736,2097152
1788946626,990272,2097152,1073736,2097152
1788946628,990272,2097152,1073736,2097152
1788946630,990272,2097152,1073736,2097152
1788946632,990272,2097152,1073736,2097152
1788946634,990272,2097152,1073736,2097152
1788946636,855976,2097152,1066112,2097152
1788946638,855976,2097152,1066112,2097152
1788946640,990272,2097152,1073736,2097152
1788946642,855976,2097152,1066112,2097152
1788946644,990272,2097152,1073736,2097152
1788946646,855976,2097152,1066112,2097152
1788946648,990272,2097152,1073736,2097152
1788946650,990272,2097152,1073736,2097152
1788946652,990272,2097152,1073736,2097152
1788946654,990272,2097152,1073736,2097152
1788946657,990272,2097152,1073736,2097152
1788946659,990272,2097152,1073736,2097152
1788946661,855264,2097152,1066112,2097152
1788946663,855264,2097152,1066112,2097152
1788946665,855264,2097152,1066112,2097152
1788946667,990272,2097152,1073736,2097152
1788946669,990272,2097152,1073736,2097152
1788946671,990272,2097152,1073736,2097152
1788946673,990272,2097152,1073736,2097152
1788946675,990272,2097152,1073736,2097152
1788946677,990272,2097152,1073736,2097152
1788946679,990272,2097152,1073736,2097152
1788946681,990272,2097152,1073736,2097152
1788946683,990272,2097152,1073736,2097152
1788946685,990272,2097152,1073736,2097152
1788946687,990272,2097152,1073736,2097152
1788946689,990272,2097152,1073736,2097152
1788946691,855264,2097152,1066112,2097152
1788946693,855264,2097152,1066112,2097152
1788946695,855264,2097152,1066112,2097152
1788946697,990272,2097152,1073736,2097152
1788946699,855264,2097152,1066112,2097152
1788946701,990272,2097152,1073736,2097152
1788946703,990272,2097152,1073736,2097152
1788946705,990272,2097152,1073736,2097152
1788946707,990272,2097152,1073736,2097152
1788946710,990272,2097152,1073736,2097152
1788946712,855264,2097152,1066112,2097152
1788946714,990272,2097152,1073736,2097152
1788946716,855264,2097152,1066112,2097152
1788946718,990272,2097152,1073736,2097152
1788946720,855264,2097152,1066112,2097152
1788946722,990272,2097152,1073736,2097152
1788946724,990272,2097152,1073736,2097152
1788946726,855264,2097152,1066112,2097152
1788946728,990272,2097152,1073736,2097152
1788946730,990272,2097152,1073736,2097152
1788946732,990272,2097152,1073736,2097152
1788946734,990272,2097152,1073736,2097152
1788946736,855264,2097152,1066112,2097152
1788946738,990272,2097152,1073736,2097152
1788946740,855264,2097152,1066112,2097152
1788946742,990272,2097152,1073736,2097152
1788946744,990272,2097152,1073736,2097152
1788946746,855264,2097152,1066112,2097152
1788946748,855264,2097152,1066112,2097152
1788946751,990272,2097152,1073736,2097152
1788946753,855264,2097152,1066112,2097152
1788946755,990272,2097152,1073736,2097152
1788946757,855264,2097152,1066112,2097152
1788946759,990272,2097152,1073736,2097152
1788946761,990272,2097152,1073736,2097152
1788946763,855264,2097152,1066112,2097152
1788946765,990272,2097152,1073736,2097152
1788946767,855264,2097152,1066112,2097152
1788946769,855264,2097152,1066112,2097152
1788946771,990272,2097152,1073736,2097152
1788946773,990272,2097152,1073736,2097152
1788946775,855264,2097152,1066112,2097152
1788946777,990272,2097152,1073736,2097152
1788946779,855264,2097152,1066112,2097152
1788946781,990272,2097152,1073736,2097152
1788946783,990272,2097152,1073736,2097152
1788946785,990272,2097152,1073736,2097152
1788946787,855264,2097152,1066112,2097152
1788946789,990272,2097152,1073736,2097152
1788946791,990272,2097152,1073736,2097152
1788946793,990272,2097152,1073736,2097152
1788946795,990272,2097152,1073736,2097152
1788946797,990272,2097152,1073736,2097152
1788946799,990272,2097152,1073736,2097152
1788946801,990272,2097152,1073736,2097152
1788946804,990272,2097152,1073736,2097152
1788946806,990272,2097152,1073736,2097152
1788946808,990272,2097152,1073736,2097152
1788946810,990272,2097152,1073736,2097152
1788946812,855264,2097152,1066112,2097152
1788946814,990272,2097152,1073736,2097152
1788946816,855264,2097152,1066112,2097152
1788946818,990272,2097152,1073736,2097152
1788946820,990272,2097152,1073736,2097152
1788946822,990272,2097152,1073736,2097152
1788946824,855264,2097152,1066112,2097152
1788946826,990272,2097152,1073736,2097152
1788946828,990272,2097152,1073736,2097152
1788946830,990272,2097152,1073736,2097152
1788946832,855264,2097152,1066112,2097152
1788946834,990272,2097152,1073736,2097152
1788946836,990272,2097152,1073736,2097152
1788946838,990272,2097152,1073736,2097152
1788946840,990272,2097152,1073736,2097152
1788946842,990272,2097152,1073736,2097152
1788946844,990272,2097152,1073736,2097152
1788946846,990272,2097152,1073736,2097152
1788946848,990272,2097152,1073736,2097152
1788946850,990272,2097152,1073736,2097152
1788946853,855264,2097152,1066112,2097152
1788946855,855264,2097152,1066112,2097152
1788946857,990272,2097152,1073736,2097152
1788946859,990272,2097152,1073736,2097152
1788946861,855264,2097152,1066112,2097152
1788946863,855264,2097152,1066112,2097152
1788946865,990272,2097152,1073736,2097152
1788946867,855264,2097152,1066112,2097152
1788946869,990272,2097152,1073736,2097152
1788946871,990272,2097152,1073736,2097152
1788946873,990272,2097152,1073736,2097152
1788946875,855264,2097152,1066112,2097152
1788946877,990272,2097152,1073736,2097152
1788946879,855264,2097152,1066112,2097152
1788946881,990272,2097152,1073736,2097152
1788946883,855264,2097152,1066112,2097152
1788946885,990272,2097152,1073736,2097152
1788946887,990272,2097152,1073736,2097152
1788946889,855264,2097152,1066112,2097152
1788946891,855264,2097152,1066112,2097152
1788946893,855264,2097152,1066112,2097152
1788946895,855264,2097152,1066112,2097152
1788946897,855264,2097152,1066112,2097152
1788946899,990272,2097152,1073736,2097152
1788946901,855264,2097152,1066112,2097152
1788946903,855264,2097152,1066112,2097152
1788946905,990272,2097152,1073736,2097152
1788946907,990272,2097152,1073736,2097152
1788946910,855264,2097152,1066112,2097152
1788946912,990272,2097152,1073736,2097152
1788946914,990272,2097152,1073736,2097152
1788946916,990272,2097152,1073736,2097152
1788946918,855264,2097152,1066112,2097152
1788946920,990272,2097152,1073736,2097152
1788946922,990272,2097152,1073736,2097152
1788946924,990272,2097152,1073736,2097152
1788946926,855264,2097152,1066112,2097152
1788946928,855264,2097152,1066112,2097152
1788946930,990272,2097152,1073736,2097152
1788946932,855264,2097152,1066112,2097152
1788946934,855264,2097152,1066112,2097152
1788946936,855264,2097152,1066112,2097152
1788946938,855264,2097152,1066112,2097152
1788946940,855264,2097152,1066112,2097152
1788946942,990272,2097152,1073736,2097152
1788946944,990272,2097152,1073736,2097152
1788946946,855264,2097152,1066112,2097152
1788946948,990272,2097152,1073736,2097152
1788946950,855264,2097152,1066112,2097152
1788946952,855264,2097152,1066112,2097152
1788946954,855264,2097152,1066112,2097152
1788946956,855264,2097152,1066112,2097152
1788946958,855264,2097152,1066112,2097152
1788946960,990272,2097152,1073736,2097152
1788946962,990272,2097152,1073736,2097152
1788946964,990272,2097152,1073736,2097152
1788946966,990272,2097152,1073736,2097152
1788946968,990272,2097152,1073736,2097152
1788946971,990272,2097152,1073736,2097152
1788946973,990272,2097152,1073736,2097152
1788946975,855264,2097152,1066112,2097152
1788946977,990272,2097152,1073736,2097152
1788946979,990272,2097152,1073736,2097152
1788946981,855264,2097152,1066112,2097152
1788946983,855264,2097152,1066112,2097152
1788946985,990272,2097152,1073736,2097152
1788946987,990272,2097152,1073736,2097152
1788946989,990272,2097152,1073736,2097152
1788946991,855264,2097152,1066112,2097152
1788946993,855264,2097152,1066112,2097152
1788946995,990272,2097152,1073736,2097152
1788946997,855264,2097152,1066112,2097152
1788946999,855264,2097152,1066112,2097152
1788947001,990272,2097152,1073736,2097152
1788947003,855264,2097152,1066112,2097152
1788947005,990272,2097152,1073736,2097152
1788947007,990272,2097152,1073736,2097152
1788947009,990272,2097152,1073736,2097152
1788947011,990272,2097152,1073736,2097152
1788947013,855264,2097152,1066112,2097152
1788947015,990272,2097152,1073736,2097152
1788947017,990272,2097152,1073736,2097152
1788947019,990272,2097152,1073736,2097152
1788947021,855264,2097152,1066112,2097152
1788947023,855264,2097152,1066112,2097152
1788947025,990272,2097152,1073736,2097152
1788947027,855264,2097152,1066112,2097152
1788947029,855264,2097152,1066112,2097152
1788947031,990272,2097152,1073736,2097152
1788947034,990272,2097152,1073736,2097152
1788947036,990272,2097152,1073736,2097152
1788947038,855264,2097152,1066112,2097152
1788947040,990272,2097152,1073736,2097152
1788947042,855264,2097152,1066112,2097152
1788947044,855264,2097152,1066112,2097152
1788947046,990272,2097152,1073736,2097152
1788947048,855264,2097152,1066112,2097152
1788947050,855264,2097152,1066112,2097152
1788947052,855264,2097152,1066112,2097152
1788947054,855264,2097152,1066112,2097152
1788947056,855264,2097152,1066112,2097152
1788947058,855264,2097152,1066112,2097152
1788947060,855264,2097152,1066112,2097152
1788947062,990272,2097152,1073736,2097152
1788947064,855264,2097152,1066112,2097152
1788947066,990272,2097152,1073736,2097152
1788947068,990272,2097152,1073736,2097152
1788947070,855264,2097152,1066112,2097152
1788947072,855264,2097152,1066112,2097152
1788947074,990272,2097152,1073736,2097152
1788947076,990272,2097152,1073736,2097152
1788947078,990272,2097152,1073736,2097152
1788947080,855264,2097152,1066112,2097152
1788947082,990272,2097152,1073736,2097152
1788947084,990272,2097152,1073736,2097152
1788947086,855264,2097152,1066112,2097152
1788947088,990272,2097152,1073736,2097152
1788947090,990272,2097152,1073736,2097152
1788947093,990272,2097152,1073736,2097152
1788947095,990272,2097152,1073736,2097152
1788947097,990272,2097152,1073736,2097152
1788947099,855264,2097152,1066112,2097152
1788947101,990272,2097152,1073736,2097152
1788947103,855264,2097152,1066112,2097152
1788947105,990272,2097152,1073736,2097152
1788947107,855264,2097152,1066112,2097152
1788947109,990272,2097152,1073736,2097152
1788947111,990272,2097152,1073736,2097152
1788947113,855264,2097152,1066112,2097152
1788947115,855264,2097152,1066112,2097152
1788947117,990272,2097152,1073736,2097152
1788947119,990272,2097152,1073736,2097152
1788947121,990272,2097152,1073736,2097152
1788947123,855264,2097152,1066112,2097152
1788947125,990272,2097152,1073736,2097152
1788947127,990272,2097152,1073736,2097152
1788947129,990272,2097152,1073736,2097152
1788947131,990272,2097152,1073736,2097152
1788947133,855264,2097152,1066112,2097152
1788947135,990272,2097152,1073736,2097152
1788947137,855264,2097152,1066112,2097152
1788947139,990272,2097152,1073736,2097152
1788947141,855264,2097152,1066112,2097152
1788947143,990272,2097152,1073736,2097152
1788947146,990272,2097152,1073736,2097152
1788947148,990272,2097152,1073736,2097152
1788947150,990272,2097152,1073736,2097152
1788947152,855264,2097152,1066112,2097152
1788947154,990272,2097152,1073736,2097152
1788947156,990272,2097152,1073736,2097152
1788947158,855264,2097152,1066112,2097152
1788947160,990272,2097152,1073736,2097152
1788947162,855264,2097152,1066112,2097152
1788947164,990272,2097152,1073736,2097152
1788947166,855264,2097152,1066112,2097152
1788947168,990272,2097152,1073736,2097152
1788947170,990272,2097152,1073736,2097152
1788947172,855264,2097152,1066112,2097152
1788947174,990272,2097152,1073736,2097152
1788947176,990272,2097152,1073736,2097152
1788947178,855264,2097152,1066112,2097152
1788947180,990272,2097152,1073736,2097152
1788947182,855264,2097152,1066112,2097152
1788947184,855264,2097152,1066112,2097152
1788947186,855264,2097152,1066112,2097152
1788947188,990272,2097152,1073736,2097152
1788947190,990272,2097152,1073736,2097152
1788947192,855264,2097152,1066112,2097152
1788947194,855264,2097152,1066112,2097152
1788947196,990272,2097152,1073736,2097152
1788947198,855264,2097152,1066112,2097152
1788947200,855264,2097152,1066112,2097152
1788947202,990272,2097152,1073736,2097152
1788947204,855264,2097152,1066112,2097152
1788947207,990272,2097152,1073736,2097152
1788947209,990272,2097152,1073736,2097152
1788947211,855264,2097152,1066112,2097152
1788947213,990272,2097152,1073736,2097152
1788947215,990272,2097152,1073736,2097152
1788947217,990272,2097152,1073736,2097152
1788947219,990272,2097152,1073736,2097152
1788947221,990272,2097152,1073736,2097152
1788947223,855264,2097152,1066112,2097152
1788947225,990272,2097152,1073736,2097152
1788947227,855264,2097152,1066112,2097152
1788947229,990272,2097152,1073736,2097152
1788947231,855264,2097152,1066112,2097152
1788947233,990272,2097152,1073736,2097152
1788947235,990272,2097152,1073736,2097152
1788947237,990272,2097152,1073736,2097152
1788947239,990272,2097152,1073736,2097152
1788947241,990272,2097152,1073736,2097152
1788947243,990272,2097152,1073736,2097152
1788947245,855264,2097152,1066112,2097152
1788947247,990272,2097152,1073736,2097152
1788947249,990272,2097152,1073736,2097152
1788947251,855264,2097152,1066112,2097152
1788947253,990272,2097152,1073736,2097152
1788947255,990272,2097152,1073736,2097152
1788947257,990272,2097152,1073736,2097152
1788947259,855264,2097152,1066112,2097152
1788947261,990272,2097152,1073736,2097152
1788947263,990272,2097152,1073736,2097152
1788947265,855264,2097152,1066112,2097152
1788947268,855264,2097152,1066112,2097152
1788947270,855264,2097152,1066112,2097152
1788947272,990272,2097152,1073736,2097152
1788947274,855264,2097152,1066112,2097152
1788947276,990272,2097152,1073736,2097152
1788947278,855264,2097152,1066112,2097152
1788947280,990272,2097152,1073736,2097152
1788947282,855264,2097152,1066112,2097152
1788947284,855264,2097152,1066112,2097152
1788947286,855264,2097152,1066112,2097152
1788947288,990272,2097152,1073736,2097152
1788947290,990272,2097152,1073736,2097152
1788947292,990272,2097152,1073736,2097152
1788947294,855264,2097152,1066112,2097152
1788947296,855264,2097152,1066112,2097152
1788947298,855264,2097152,1066112,2097152
1788947300,855264,2097152,1066112,2097152
1788947302,855264,2097152,1066112,2097152
1788947304,855264,2097152,1066112,2097152
1788947306,855264,2097152,1066112,2097152
1788947308,855264,2097152,1066112,2097152
1788947310,990272,2097152,1073736,2097152
1788947312,990272,2097152,1073736,2097152
1788947314,855264,2097152,1066112,2097152
1788947316,990272,2097152,1073736,2097152
1788947318,855264,2097152,1066112,2097152
1788947320,855264,2097152,1066112,2097152
1788947322,855264,2097152,1066112,2097152
1788947324,855264,2097152,1066112,2097152
1788947326,990272,2097152,1073736,2097152
1788947328,855264,2097152,1066112,2097152
1788947331,990272,2097152,1073736,2097152
1788947333,855264,2097152,1066112,2097152
1788947335,990272,2097152,1073736,2097152
1788947337,855264,2097152,1066112,2097152
1788947339,990272,2097152,1073736,2097152
1788947341,990272,2097152,1073736,2097152
1788947343,990272,2097152,1073736,2097152
1788947345,855264,2097152,1066112,2097152
1788947347,855264,2097152,1066112,2097152
1788947349,855264,2097152,1066112,2097152
1788947351,990272,2097152,1073736,2097152
1788947353,855264,2097152,1066112,2097152
1788947355,855264,2097152,1066112,2097152
1788947357,855264,2097152,1066112,2097152
1788947359,990272,2097152,1073736,2097152
1788947361,990272,2097152,1073736,2097152
1788947363,990272,2097152,1073736,2097152
1788947365,990272,2097152,1073736,2097152
1788947367,855264,2097152,1066112,2097152
1788947369,855264,2097152,1066112,2097152
1788947371,855264,2097152,1066112,2097152
1788947373,990272,2097152,1073736,2097152
1788947375,855264,2097152,1066112,2097152
1788947377,990272,2097152,1073736,2097152
1788947379,990272,2097152,1073736,2097152
1788947381,855264,2097152,1066112,2097152
1788947383,855264,2097152,1066112,2097152
1788947385,990272,2097152,1073736,2097152
1788947387,855264,2097152,1066112,2097152
1788947389,855264,2097152,1066112,2097152
1788947391,990272,2097152,1073736,2097152
1788947393,990272,2097152,1073736,2097152
1788947396,990272,2097152,1073736,2097152
1788947398,990272,2097152,1073736,2097152
1788947400,855264,2097152,1066112,2097152
1788947402,990272,2097152,1073736,2097152
1788947404,855264,2097152,1066112,2097152
1788947406,990272,2097152,1073736,2097152
1788947408,990272,2097152,1073736,2097152
1788947410,855264,2097152,1066112,2097152
1788947412,990272,2097152,1073736,2097152
1788947414,990272,2097152,1073736,2097152
1788947416,855264,2097152,1066112,2097152
1788947418,990272,2097152,1073736,2097152
1788947420,990272,2097152,1073736,2097152
1788947422,855264,2097152,1066112,2097152
1788947424,855264,2097152,1066112,2097152
1788947426,990272,2097152,1073736,2097152
1788947428,990272,2097152,1073736,2097152
1788947430,990272,2097152,1073736,2097152
1788947432,855264,2097152,1066112,2097152
1788947434,990272,2097152,1073736,2097152
1788947436,855264,2097152,1066112,2097152
1788947438,855264,2097152,1066112,2097152
1788947440,990272,2097152,1073736,2097152
1788947442,990272,2097152,1073736,2097152
1788947444,990272,2097152,1073736,2097152
1788947446,990272,2097152,1073736,2097152
1788947448,990272,2097152,1073736,2097152
1788947450,990272,2097152,1073736,2097152
1788947452,855264,2097152,1066112,2097152
1788947454,990272,2097152,1073736,2097152
1788947457,855264,2097152,1066112,2097152
1788947459,990272,2097152,1073736,2097152
1788947461,990272,2097152,1073736,2097152
1788947463,990272,2097152,1073736,2097152
1788947465,990272,2097152,1073736,2097152
1788947467,990272,2097152,1073736,2097152
1788947469,855264,2097152,1066112,2097152
1788947471,990272,2097152,1073736,2097152
1788947473,990272,2097152,1073736,2097152
1788947475,990272,2097152,1073736,2097152
1788947477,990272,2097152,1073736,2097152
1788947479,990272,2097152,1073736,2097152
1788947481,990272,2097152,1073736,2097152
1788947483,990272,2097152,1073736,2097152
1788947485,990272,2097152,1073736,2097152
1788947487,990272,2097152,1073736,2097152
1788947489,855264,2097152,1066112,2097152
1788947491,990272,2097152,1073736,2097152
1788947493,990272,2097152,1073736,2097152
1788947495,990272,2097152,1073736,2097152
1788947497,990272,2097152,1073736,2097152
1788947499,990272,2097152,1073736,2097152
1788947501,990272,2097152,1073736,2097152
1788947503,990272,2097152,1073736,2097152
1788947505,990272,2097152,1073736,2097152
1788947507,855264,2097152,1066112,2097152
1788947509,855264,2097152,1066112,2097152
1788947511,990272,2097152,1073736,2097152
1788947513,990272,2097152,1073736,2097152
1788947516,855264,2097152,1066112,2097152
1788947518,855264,2097152,1066112,2097152
1788947520,990272,2097152,1073736,2097152
1788947522,990272,2097152,1073736,2097152
1788947524,990272,2097152,1073736,2097152
1788947526,990272,2097152,1073736,2097152
1788947528,990272,2097152,1073736,2097152
1788947530,990272,2097152,1073736,2097152
1788947532,855264,2097152,1066112,2097152
1788947534,990272,2097152,1073736,2097152
1788947536,855264,2097152,1066112,2097152
1788947538,855264,2097152,1066112,2097152
1788947540,990272,2097152,1073736,2097152
1788947542,990272,2097152,1073736,2097152
1788947544,990272,2097152,1073736,2097152
1788947546,855264,2097152,1066112,2097152
1788947548,855264,2097152,1066112,2097152
1788947550,855264,2097152,1066112,2097152
1788947552,990272,2097152,1073736,2097152
1788947554,855264,2097152,1066112,2097152
1788947556,990272,2097152,1073736,2097152
1788947558,990272,2097152,1073736,2097152
1788947560,990272,2097152,1073736,2097152
1788947562,855264,2097152,1066112,2097152
1788947564,990272,2097152,1073736,2097152
1788947566,855264,2097152,1066112,2097152
1788947568,855264,2097152,1066112,2097152
1788947570,990272,2097152,1073736,2097152
1788947572,990272,2097152,1073736,2097152
1788947575,990272,2097152,1073736,2097152
1788947577,855264,2097152,1066112,2097152
1788947579,990272,2097152,1073736,2097152
1788947581,990272,2097152,1073736,2097152
1788947583,990272,2097152,1073736,2097152
1788947585,990272,2097152,1073736,2097152
1788947587,990272,2097152,1073736,2097152
1788947589,990272,2097152,1073736,2097152
1788947591,990272,2097152,1073736,2097152
1788947593,990272,2097152,1073736,2097152
1788947595,855264,2097152,1066112,2097152
1788947597,990272,2097152,1073736,2097152
1788947599,990272,2097152,1073736,2097152
1788947601,990272,2097152,1073736,2097152
1788947603,855264,2097152,1066112,2097152
1788947605,990272,2097152,1073736,2097152
1788947607,990272,2097152,1073736,2097152
1788947609,855264,2097152,1066112,2097152
1788947611,855264,2097152,1066112,2097152
1788947613,990272,2097152,1073736,2097152
1788947615,990272,2097152,1073736,2097152
1788947617,990272,2097152,1073736,2097152
1788947619,990272,2097152,1073736,2097152
1788947621,855264,2097152,1066112,2097152
1788947623,990272,2097152,1073736,2097152
1788947625,990272,2097152,1073736,2097152
1788947627,855264,2097152,1066112,2097152
1788947629,855264,2097152,1066112,2097152
1788947631,990272,2097152,1073736,2097152
1788947634,990272,2097152,1073736,2097152
1788947636,990272,2097152,1073736,2097152
1788947638,855264,2097152,1066112,2097152
1788947640,990272,2097152,1073736,2097152
1788947642,990272,2097152,1073736,2097152
1788947644,990272,2097152,1073736,2097152
1788947646,990272,2097152,1073736,2097152
1788947648,990272,2097152,1073736,2097152
1788947650,990272,2097152,1073736,2097152
1788947652,855264,2097152,1066112,2097152
1788947654,990272,2097152,1073736,2097152
1788947656,990272,2097152,1073736,2097152
1788947658,855264,2097152,1066112,2097152
1788947660,990272,2097152,1073736,2097152
1788947662,990272,2097152,1073736,2097152
1788947664,855264,2097152,1066112,2097152
1788947666,990272,2097152,1073736,2097152
1788947668,990272,2097152,1073736,2097152
1788947670,855264,2097152,1066112,2097152
1788947672,990272,2097152,1073736,2097152
1788947674,855264,2097152,1066112,2097152
1788947676,855264,2097152,1066112,2097152
1788947678,855264,2097152,1066112,2097152
1788947680,990272,2097152,1073736,2097152
1788947682,990272,2097152,1073736,2097152
1788947684,855264,2097152,1066112,2097152
1788947686,855264,2097152,1066112,2097152
1788947688,990272,2097152,1073736,2097152
1788947691,990272,2097152,1073736,2097152
1788947693,855264,2097152,1066112,2097152
1788947695,990272,2097152,1073736,2097152
1788947697,990272,2097152,1073736,2097152
1788947699,855264,2097152,1066112,2097152
1788947701,990272,2097152,1073736,2097152
1788947703,990272,2097152,1073736,2097152
1788947705,855264,2097152,1066112,2097152
1788947707,990272,2097152,1073736,2097152
1788947709,990272,2097152,1073736,2097152
1788947711,990272,2097152,1073736,2097152
1788947713,990272,2097152,1073736,2097152
1788947715,855264,2097152,1066112,2097152
1788947717,990272,2097152,1073736,2097152
1788947719,855264,2097152,1066112,2097152
1788947721,855264,2097152,1066112,2097152
1788947723,990272,2097152,1073736,2097152
1788947725,855264,2097152,1066112,2097152
1788947727,990272,2097152,1073736,2097152
1788947729,990272,2097152,1073736,2097152
1788947731,990272,2097152,1073736,2097152
1788947733,990272,2097152,1073736,2097152
1788947735,855264,2097152,1066112,2097152
1788947737,855264,2097152,1066112,2097152
1788947739,990272,2097152,1073736,2097152
1788947741,990272,2097152,1073736,2097152
1788947743,855264,2097152,1066112,2097152
1788947745,990272,2097152,1073736,2097152
1788947748,990272,2097152,1073736,2097152
1788947750,990272,2097152,1073736,2097152
1788947752,990272,2097152,1073736,2097152
1788947754,990272,2097152,1073736,2097152
1788947756,990272,2097152,1073736,2097152
1788947758,990272,2097152,1073736,2097152
1788947760,855264,2097152,1066112,2097152
1788947762,855264,2097152,1066112,2097152
1788947764,990272,2097152,1073736,2097152
1788947766,990272,2097152,1073736,2097152
1788947768,855264,2097152,1066112,2097152
1788947770,990272,2097152,1073736,2097152
1788947772,990272,2097152,1073736,2097152
1788947774,990272,2097152,1073736,2097152
1788947776,855264,2097152,1066112,2097152
1788947778,855264,2097152,1066112,2097152
1788947780,990272,2097152,1073736,2097152
1788947782,990272,2097152,1073736,2097152
1788947784,990272,2097152,1073736,2097152
1788947786,855264,2097152,1066112,2097152
1788947788,855264,2097152,1066112,2097152
1788947790,855264,2097152,1066112,2097152
1788947792,990272,2097152,1073736,2097152
1788947794,855264,2097152,1066112,2097152
1788947796,855264,2097152,1066112,2097152
1788947798,855264,2097152,1066112,2097152
1788947800,855264,2097152,1066112,2097152
1788947802,990272,2097152,1073736,2097152
1788947804,990272,2097152,1073736,2097152
1788947807,855264,2097152,1066112,2097152
1788947809,990272,2097152,1073736,2097152
1788947811,990272,2097152,1073736,2097152
1788947813,990272,2097152,1073736,2097152
1788947815,990272,2097152,1073736,2097152
1788947817,990272,2097152,1073736,2097152
1788947819,990272,2097152,1073736,2097152
1788947821,855264,2097152,1066112,2097152
1788947823,990272,2097152,1073736,2097152
1788947825,990272,2097152,1073736,2097152
1788947827,990272,2097152,1073736,2097152
1788947829,990272,2097152,1073736,2097152
1788947831,990272,2097152,1073736,2097152
1788947833,990272,2097152,1073736,2097152
1788947835,855264,2097152,1066112,2097152
1788947837,855264,2097152,1066112,2097152
1788947839,855264,2097152,1066112,2097152
1788947841,990272,2097152,1073736,2097152
1788947843,990272,2097152,1073736,2097152
1788947845,855264,2097152,1066112,2097152
1788947847,990272,2097152,1073736,2097152
1788947849,855264,2097152,1066112,2097152
1788947851,990272,2097152,1073736,2097152
1788947853,990272,2097152,1073736,2097152
1788947855,990272,2097152,1073736,2097152
1788947857,990272,2097152,1073736,2097152
1788947859,990272,2097152,1073736,2097152
1788947861,990272,2097152,1073736,2097152
1788947864,990272,2097152,1073736,2097152
1788947866,855264,2097152,1066112,2097152
1788947868,990272,2097152,1073736,2097152
1788947870,990272,2097152,1073736,2097152
1788947872,990272,2097152,1073736,2097152
1788947874,990272,2097152,1073736,2097152
1788947876,990272,2097152,1073736,2097152
1788947878,855264,2097152,1066112,2097152
1788947880,990272,2097152,1073736,2097152
1788947882,855264,2097152,1066112,2097152
1788947884,855264,2097152,1066112,2097152
1788947886,990272,2097152,1073736,2097152
1788947888,990272,2097152,1073736,2097152
1788947890,855264,2097152,1066112,2097152
1788947892,990272,2097152,1073736,2097152
1788947894,855264,2097152,1066112,2097152
1788947896,990272,2097152,1073736,2097152
1788947898,990272,2097152,1073736,2097152
1788947900,855264,2097152,1066112,2097152
1788947902,990272,2097152,1073736,2097152
1788947904,990272,2097152,1073736,2097152
1788947906,855264,2097152,1066112,2097152
1788947908,990272,2097152,1073736,2097152
1788947910,855264,2097152,1066112,2097152
1788947912,855264,2097152,1066112,2097152
1788947914,990272,2097152,1073736,2097152
1788947916,855264,2097152,1066112,2097152
1788947918,855264,2097152,1066112,2097152
1788947920,990272,2097152,1073736,2097152
1788947923,990272,2097152,1073736,2097152
1788947925,855264,2097152,1066112,2097152
1788947927,990272,2097152,1073736,2097152
1788947929,990272,2097152,1073736,2097152
1788947931,990272,2097152,1073736,2097152
1788947933,855264,2097152,1066112,2097152
1788947935,855264,2097152,1066112,2097152
1788947937,990272,2097152,1073736,2097152
1788947939,990272,2097152,1073736,2097152
1788947941,855264,2097152,1066112,2097152
1788947943,990272,2097152,1073736,2097152
1788947945,855264,2097152,1066112,2097152
1788947947,990272,2097152,1073736,2097152
1788947949,990272,2097152,1073736,2097152
1788947951,990272,2097152,1073736,2097152
1788947953,855264,2097152,1066112,2097152
1788947955,990272,2097152,1073736,2097152
1788947957,855264,2097152,1066112,2097152
1788947959,855264,2097152,1066112,2097152
1788947961,855264,2097152,1066112,2097152
1788947963,990272,2097152,1073736,2097152
1788947965,990272,2097152,1073736,2097152
1788947967,990272,2097152,1073736,2097152
1788947969,855264,2097152,1066112,2097152
1788947971,855264,2097152,1066112,2097152
1788947973,855264,2097152,1066112,2097152
1788947975,990272,2097152,1073736,2097152
1788947977,990272,2097152,1073736,2097152
1788947980,990272,2097152,1073736,2097152
1788947982,855264,2097152,1066112,2097152
1788947984,855264,2097152,1066112,2097152
1788947986,990272,2097152,1073736,2097152
1788947988,990272,2097152,1073736,2097152
1788947990,990272,2097152,1073736,2097152
1788947992,990272,2097152,1073736,2097152
1788947994,855264,2097152,1066112,2097152
1788947996,990272,2097152,1073736,2097152
1788947998,855264,2097152,1066112,2097152
1788948000,855264,2097152,1066112,2097152
1788948002,990272,2097152,1073736,2097152
1788948004,855264,2097152,1066112,2097152
1788948006,990272,2097152,1073736,2097152
1788948008,990272,2097152,1073736,2097152
1788948010,990272,2097152,1073736,2097152
1788948012,990272,2097152,1073736,2097152
1788948014,990272,2097152,1073736,2097152
1788948016,990272,2097152,1073736,2097152
1788948018,855264,2097152,1066112,2097152
1788948020,855264,2097152,1066112,2097152
1788948022,990272,2097152,1073736,2097152
1788948024,855264,2097152,1066112,2097152
1788948026,855264,2097152,1066112,2097152
1788948028,990272,2097152,1073736,2097152
1788948030,990272,2097152,1073736,2097152
1788948032,990272,2097152,1073736,2097152
1788948034,990272,2097152,1073736,2097152
1788948036,990272,2097152,1073736,2097152
1788948038,855264,2097152,1066112,2097152
1788948041,855264,2097152,1066112,2097152
1788948043,990272,2097152,1073736,2097152
1788948045,990272,2097152,1073736,2097152
1788948047,990272,2097152,1073736,2097152
1788948049,855264,2097152,1066112,2097152
1788948051,990272,2097152,1073736,2097152
1788948053,990272,2097152,1073736,2097152
1788948055,990272,2097152,1073736,2097152
1788948057,855264,2097152,1066112,2097152
1788948059,990272,2097152,1073736,2097152
1788948061,855264,2097152,1066112,2097152
1788948063,990272,2097152,1073736,2097152
1788948065,990272,2097152,1073736,2097152
1788948067,990272,2097152,1073736,2097152
1788948069,990272,2097152,1073736,2097152
1788948071,855264,2097152,1066112,2097152
1788948073,990272,2097152,1073736,2097152
1788948075,855264,2097152,1066112,2097152
1788948077,855264,2097152,1066112,2097152
1788948079,990272,2097152,1073736,2097152
1788948081,990272,2097152,1073736,2097152
1788948083,990272,2097152,1073736,2097152
1788948085,990272,2097152,1073736,2097152
1788948087,990272,2097152,1073736,2097152
1788948089,990272,2097152,1073736,2097152
1788948091,990272,2097152,1073736,2097152
1788948093,990272,2097152,1073736,2097152
1788948095,990272,2097152,1073736,2097152
1788948097,990272,2097152,1073736,2097152
1788948100,855264,2097152,1066112,2097152
1788948102,990272,2097152,1073736,2097152
1788948104,990272,2097152,1073736,2097152
1788948106,990272,2097152,1073736,2097152
1788948108,990272,2097152,1073736,2097152
1788948110,990272,2097152,1073736,2097152
1788948112,855264,2097152,1066112,2097152
1788948114,990272,2097152,1073736,2097152
1788948116,855264,2097152,1066112,2097152
1788948118,990272,2097152,1073736,2097152
1788948120,990272,2097152,1073736,2097152
1788948122,855264,2097152,1066112,2097152
1788948124,990272,2097152,1073736,2097152
1788948126,990272,2097152,1073736,2097152
1788948128,855264,2097152,1066112,2097152
1788948130,990272,2097152,1073736,2097152
1788948132,990272,2097152,1073736,2097152
1788948134,855264,2097152,1066112,2097152
1788948136,855264,2097152,1066112,2097152
1788948138,990272,2097152,1073736,2097152
1788948140,855264,2097152,1066112,2097152
1788948142,855264,2097152,1066112,2097152
1788948144,855264,2097152,1066112,2097152
1788948146,990272,2097152,1073736,2097152
1788948148,990272,2097152,1073736,2097152
1788948150,990272,2097152,1073736,2097152
1788948152,990272,2097152,1073736,2097152
1788948154,990272,2097152,1073736,2097152
1788948156,990272,2097152,1073736,2097152
1788948158,990272,2097152,1073736,2097152
1788948160,990272,2097152,1073736,2097152
1788948162,990272,2097152,1073736,2097152
1788948165,990272,2097152,1073736,2097152
1788948167,990272,2097152,1073736,2097152
1788948169,990272,2097152,1073736,2097152
1788948171,855264,2097152,1066112,2097152
1788948173,990272,2097152,1073736,2097152
1788948175,855264,2097152,1066112,2097152
1788948177,990272,2097152,1073736,2097152
1788948179,855264,2097152,1066112,2097152
1788948181,855264,2097152,1066112,2097152
1788948183,855264,2097152,1066112,2097152
1788948185,855264,2097152,1066112,2097152
1788948187,990272,2097152,1073736,2097152
1788948189,855264,2097152,1066112,2097152
1788948191,855264,2097152,1066112,2097152
1788948193,855264,2097152,1066112,2097152
1788948195,990272,2097152,1073736,2097152
1788948197,855264,2097152,1066112,2097152
1788948199,990272,2097152,1073736,2097152
1788948201,855264,2097152,1066112,2097152
1788948203,990272,2097152,1073736,2097152
1788948205,990272,2097152,1073736,2097152
1788948207,990272,2097152,1073736,2097152
1788948209,990272,2097152,1073736,2097152
1788948211,990272,2097152,1073736,2097152
1788948213,855264,2097152,1066112,2097152
1788948215,855264,2097152,1066112,2097152
1788948217,990272,2097152,1073736,2097152
1788948219,855264,2097152,1066112,2097152
1788948221,990272,2097152,1073736,2097152
1788948223,990272,2097152,1073736,2097152
1788948225,855264,2097152,1066112,2097152
1788948228,990272,2097152,1073736,2097152
1788948230,855264,2097152,1066112,2097152
1788948232,990272,2097152,1073736,2097152
1788948234,855264,2097152,1066112,2097152
1788948236,855264,2097152,1066112,2097152
1788948238,990272,2097152,1073736,2097152
1788948240,990272,2097152,1073736,2097152
1788948242,990272,2097152,1073736,2097152
1788948244,855264,2097152,1066112,2097152
1788948246,990272,2097152,1073736,2097152
1788948248,855264,2097152,1066112,2097152
1788948250,990272,2097152,1073736,2097152
1788948252,990272,2097152,1073736,2097152
1788948254,990272,2097152,1073736,2097152
1788948256,990272,2097152,1073736,2097152
1788948258,990272,2097152,1073736,2097152
1788948260,855264,2097152,1066112,2097152
1788948262,855264,2097152,1066112,2097152
1788948264,990272,2097152,1073736,2097152
1788948266,855264,2097152,1066112,2097152
1788948268,990272,2097152,1073736,2097152
1788948270,990272,2097152,1073736,2097152
1788948272,990272,2097152,1073736,2097152
1788948274,990272,2097152,1073736,2097152
1788948276,855264,2097152,1066112,2097152
1788948278,855264,2097152,1066112,2097152
1788948280,855264,2097152,1066112,2097152
1788948282,990272,2097152,1073736,2097152
1788948284,990272,2097152,1073736,2097152
1788948286,990272,2097152,1073736,2097152
1788948288,990272,2097152,1073736,2097152
1788948290,855264,2097152,1066112,2097152
1788948293,855264,2097152,1066112,2097152
1788948295,855264,2097152,1066112,2097152
1788948297,990272,2097152,1073736,2097152
1788948299,990272,2097152,1073736,2097152
1788948301,990272,2097152,1073736,2097152
1788948303,990272,2097152,1073736,2097152
1788948305,855264,2097152,1066112,2097152
1788948307,990272,2097152,1073736,2097152
1788948309,990272,2097152,1073736,2097152
1788948311,990272,2097152,1073736,2097152
1788948313,990272,2097152,1073736,2097152
1788948315,990272,2097152,1073736,2097152
1788948317,855264,2097152,1066112,2097152
1788948319,855264,2097152,1066112,2097152
1788948321,990272,2097152,1073736,2097152
1788948323,855264,2097152,1066112,2097152
1788948325,855264,2097152,1066112,2097152
1788948327,990272,2097152,1073736,2097152
1788948329,990272,2097152,1073736,2097152
1788948331,990272,2097152,1073736,2097152
1788948333,855264,2097152,1066112,2097152
1788948335,990272,2097152,1073736,2097152
1788948337,990272,2097152,1073736,2097152
1788948339,990272,2097152,1073736,2097152
1788948341,990272,2097152,1073736,2097152
1788948343,855264,2097152,1066112,2097152
1788948345,990272,2097152,1073736,2097152
1788948347,990272,2097152,1073736,2097152
1788948349,990272,2097152,1073736,2097152
1788948351,855264,2097152,1066112,2097152
1788948353,855264,2097152,1066112,2097152
1788948355,855264,2097152,1066112,2097152
1788948358,855264,2097152,1066112,2097152
1788948360,990272,2097152,1073736,2097152
1788948362,990272,2097152,1073736,2097152
1788948364,855264,2097152,1066112,2097152
1788948366,990272,2097152,1073736,2097152
1788948368,855264,2097152,1066112,2097152
1788948370,855264,2097152,1066112,2097152
1788948372,990272,2097152,1073736,2097152
1788948374,990272,2097152,1073736,2097152
1788948376,990272,2097152,1073736,2097152
1788948378,990272,2097152,1073736,2097152
1788948380,990272,2097152,1073736,2097152
1788948382,990272,2097152,1073736,2097152
1788948384,855264,2097152,1066112,2097152
1788948386,990272,2097152,1073736,2097152
1788948388,990272,2097152,1073736,2097152
1788948390,855264,2097152,1066112,2097152
1788948392,990272,2097152,1073736,2097152
1788948394,990272,2097152,1073736,2097152
1788948396,855264,2097152,1066112,2097152
1788948398,990272,2097152,1073736,2097152
1788948400,855264,2097152,1066112,2097152
1788948402,855264,2097152,1066112,2097152
1788948404,855264,2097152,1066112,2097152
1788948406,990272,2097152,1073736,2097152
1788948408,855264,2097152,1066112,2097152
1788948410,990272,2097152,1073736,2097152
1788948412,855264,2097152,1066112,2097152
1788948414,990272,2097152,1073736,2097152
1788948416,855264,2097152,1066112,2097152
1788948418,990272,2097152,1073736,2097152
1788948421,855264,2097152,1066112,2097152
1788948423,990272,2097152,1073736,2097152
1788948425,855264,2097152,1066112,2097152
1788948427,855264,2097152,1066112,2097152
1788948429,855264,2097152,1066112,2097152
1788948431,990272,2097152,1073736,2097152
1788948433,855264,2097152,1066112,2097152
1788948435,855264,2097152,1066112,2097152
1788948437,990272,2097152,1073736,2097152
1788948439,855264,2097152,1066112,2097152
1788948441,990272,2097152,1073736,2097152
1788948443,990272,2097152,1073736,2097152
1788948445,990272,2097152,1073736,2097152
1788948447,855264,2097152,1066112,2097152
1788948449,990272,2097152,1073736,2097152
1788948451,855264,2097152,1066112,2097152
1788948453,855264,2097152,1066112,2097152
1788948455,990272,2097152,1073736,2097152
1788948457,990272,2097152,1073736,2097152
1788948459,990272,2097152,1073736,2097152
1788948461,990272,2097152,1073736,2097152
1788948463,990272,2097152,1073736,2097152
1788948465,990272,2097152,1073736,2097152
1788948467,855264,2097152,1066112,2097152
1788948469,855264,2097152,1066112,2097152
1788948471,990272,2097152,1073736,2097152
1788948473,990272,2097152,1073736,2097152
1788948475,855264,2097152,1066112,2097152
1788948477,990272,2097152,1073736,2097152
1788948480,990272,2097152,1073736,2097152
1788948482,855264,2097152,1066112,2097152
1788948484,990272,2097152,1073736,2097152
1788948486,855264,2097152,1066112,2097152
1788948488,855264,2097152,1066112,2097152
1788948490,990272,2097152,1073736,2097152
1788948492,855264,2097152,1066112,2097152
1788948494,990272,2097152,1073736,2097152
1788948496,990272,2097152,1073736,2097152
1788948498,855264,2097152,1066112,2097152
1788948500,855264,2097152,1066112,2097152
1788948502,990272,2097152,1073736,2097152
1788948504,855264,2097152,1066112,2097152
1788948506,990272,2097152,1073736,2097152
1788948508,990272,2097152,1073736,2097152
1788948510,990272,2097152,1073736,2097152
1788948512,855264,2097152,1066112,2097152
1788948514,990272,2097152,1073736,2097152
1788948516,855264,2097152,1066112,2097152
1788948518,990272,2097152,1073736,2097152
1788948520,990272,2097152,1073736,2097152
1788948522,990272,2097152,1073736,2097152
1788948524,990272,2097152,1073736,2097152
1788948526,855264,2097152,1066112,2097152
1788948528,990272,2097152,1073736,2097152
1788948530,990272,2097152,1073736,2097152
1788948532,990272,2097152,1073736,2097152
1788948535,990272,2097152,1073736,2097152
1788948537,990272,2097152,1073736,2097152
1788948539,990272,2097152,1073736,2097152
1788948541,990272,2097152,1073736,2097152
1788948543,990272,2097152,1073736,2097152
1788948545,855264,2097152,1066112,2097152
1788948547,990272,2097152,1073736,2097152
1788948549,990272,2097152,1073736,2097152
1788948551,990272,2097152,1073736,2097152
1788948553,855264,2097152,1066112,2097152
1788948555,990272,2097152,1073736,2097152
1788948557,855264,2097152,1066112,2097152
1788948559,990272,2097152,1073736,2097152
1788948561,990272,2097152,1073736,2097152
1788948563,855264,2097152,1066112,2097152
1788948565,990272,2097152,1073736,2097152
1788948567,990272,2097152,1073736,2097152
1788948569,855264,2097152,1066112,2097152
1788948571,990272,2097152,1073736,2097152
1788948573,990272,2097152,1073736,2097152
1788948575,855264,2097152,1066112,2097152
1788948577,990272,2097152,1073736,2097152
1788948579,990272,2097152,1073736,2097152
1788948581,990272,2097152,1073736,2097152
1788948583,990272,2097152,1073736,2097152
1788948585,990272,2097152,1073736,2097152
1788948587,990272,2097152,1073736,2097152
1788948589,990272,2097152,1073736,2097152
1788948591,990272,2097152,1073736,2097152
1788948594,990272,2097152,1073736,2097152
1788948596,990272,2097152,1073736,2097152
1788948598,855264,2097152,1066112,2097152
1788948600,990272,2097152,1073736,2097152
1788948602,990272,2097152,1073736,2097152
1788948604,990272,2097152,1073736,2097152
1788948606,990272,2097152,1073736,2097152
1788948608,990272,2097152,1073736,2097152
1788948610,990272,2097152,1073736,2097152
1788948612,990272,2097152,1073736,2097152
1788948614,990272,2097152,1073736,2097152
1788948616,855264,2097152,1066112,2097152
1788948618,990272,2097152,1073736,2097152
1788948620,990272,2097152,1073736,2097152
1788948622,990272,2097152,1073736,2097152
1788948624,990272,2097152,1073736,2097152
1788948626,990272,2097152,1073736,2097152
1788948628,990272,2097152,1073736,2097152
1788948630,990272,2097152,1073736,2097152
1788948632,855264,2097152,1066112,2097152
1788948634,990272,2097152,1073736,2097152
1788948636,990272,2097152,1073736,2097152
1788948638,990272,2097152,1073736,2097152
1788948640,855264,2097152,1066112,2097152
1788948642,855264,2097152,1066112,2097152
1788948644,855264,2097152,1066112,2097152
1788948646,855264,2097152,1066112,2097152
1788948648,990272,2097152,1073736,2097152
1788948650,990272,2097152,1073736,2097152
1788948653,990272,2097152,1073736,2097152
1788948655,990272,2097152,1073736,2097152
1788948657,990272,2097152,1073736,2097152
1788948659,855264,2097152,1066112,2097152
1788948661,990272,2097152,1073736,2097152
1788948663,990272,2097152,1073736,2097152
1788948665,990272,2097152,1073736,2097152
1788948667,990272,2097152,1073736,2097152
1788948669,990272,2097152,1073736,2097152
1788948671,855264,2097152,1066112,2097152
1788948673,990272,2097152,1073736,2097152
1788948675,855264,2097152,1066112,2097152
1788948677,990272,2097152,1073736,2097152
1788948679,990272,2097152,1073736,2097152
1788948681,990272,2097152,1073736,2097152
1788948683,990272,2097152,1073736,2097152
1788948685,855264,2097152,1066112,2097152
1788948687,855264,2097152,1066112,2097152
1788948689,855264,2097152,1066112,2097152
1788948691,855264,2097152,1066112,2097152
1788948693,990272,2097152,1073736,2097152
1788948695,990272,2097152,1073736,2097152
1788948697,990272,2097152,1073736,2097152
1788948699,990272,2097152,1073736,2097152
1788948701,990272,2097152,1073736,2097152
1788948703,990272,2097152,1073736,2097152
1788948705,990272,2097152,1073736,2097152
1788948707,990272,2097152,1073736,2097152
1788948710,990272,2097152,1073736,2097152
1788948712,990272,2097152,1073736,2097152
1788948714,990272,2097152,1073736,2097152
1788948716,855264,2097152,1066112,2097152
1788948718,990272,2097152,1073736,2097152
1788948720,990272,2097152,1073736,2097152
1788948722,990272,2097152,1073736,2097152
1788948724,855264,2097152,1066112,2097152
1788948726,990272,2097152,1073736,2097152
1788948728,855264,2097152,1066112,2097152
1788948730,990272,2097152,1073736,2097152
1788948732,990272,2097152,1073736,2097152
1788948734,990272,2097152,1073736,2097152
1788948736,990272,2097152,1073736,2097152
1788948738,990272,2097152,1073736,2097152
1788948740,990272,2097152,1073736,2097152
1788948742,855264,2097152,1066112,2097152
1788948744,990272,2097152,1073736,2097152
1788948746,990272,2097152,1073736,2097152
1788948748,855264,2097152,1066112,2097152
1788948750,990272,2097152,1073736,2097152
1788948752,990272,2097152,1073736,2097152
1788948754,990272,2097152,1073736,2097152
1788948756,990272,2097152,1073736,2097152
1788948758,990272,2097152,1073736,2097152
1788948760,855264,2097152,1066112,2097152
1788948762,855264,2097152,1066112,2097152
1788948764,855264,2097152,1066112,2097152
1788948766,855264,2097152,1066112,2097152
1788948769,990272,2097152,1073736,2097152
1788948771,990272,2097152,1073736,2097152
1788948773,855264,2097152,1066112,2097152
1788948775,990272,2097152,1073736,2097152
1788948777,855264,2097152,1066112,2097152
1788948779,990272,2097152,1073736,2097152
1788948781,855264,2097152,1066112,2097152
1788948783,990272,2097152,1073736,2097152
1788948785,990272,2097152,1073736,2097152
1788948787,990272,2097152,1073736,2097152
1788948789,990272,2097152,1073736,2097152
1788948791,855264,2097152,1066112,2097152
1788948793,855264,2097152,1066112,2097152
1788948795,990272,2097152,1073736,2097152
1788948797,855264,2097152,1066112,2097152
1788948799,855264,2097152,1066112,2097152
1788948801,855264,2097152,1066112,2097152
1788948803,990272,2097152,1073736,2097152
1788948805,990272,2097152,1073736,2097152
1788948807,990272,2097152,1073736,2097152
1788948809,990272,2097152,1073736,2097152
1788948811,990272,2097152,1073736,2097152
1788948813,855264,2097152,1066112,2097152
1788948815,990272,2097152,1073736,2097152
1788948817,990272,2097152,1073736,2097152
1788948819,990272,2097152,1073736,2097152
1788948821,855264,2097152,1066112,2097152
1788948823,990272,2097152,1073736,2097152
1788948826,990272,2097152,1073736,2097152
1788948828,855264,2097152,1066112,2097152
1788948830,990272,2097152,1073736,2097152
1788948832,990272,2097152,1073736,2097152
1788948834,855264,2097152,1066112,2097152
1788948836,990272,2097152,1073736,2097152
1788948838,990272,2097152,1073736,2097152
1788948840,855264,2097152,1066112,2097152
1788948842,990272,2097152,1073736,2097152
1788948844,855264,2097152,1066112,2097152
1788948846,990272,2097152,1073736,2097152
1788948848,990272,2097152,1073736,2097152
1788948850,990272,2097152,1073736,2097152
1788948852,990272,2097152,1073736,2097152
1788948854,990272,2097152,1073736,2097152
1788948856,990272,2097152,1073736,2097152
1788948858,990272,2097152,1073736,2097152
1788948860,990272,2097152,1073736,2097152
1788948862,990272,2097152,1073736,2097152
1788948864,990272,2097152,1073736,2097152
1788948866,990272,2097152,1073736,2097152
1788948868,990272,2097152,1073736,2097152
1788948870,990272,2097152,1073736,2097152
1788948872,990272,2097152,1073736,2097152
1788948874,990272,2097152,1073736,2097152
1788948876,855264,2097152,1066112,2097152
1788948878,855264,2097152,1066112,2097152
1788948880,990272,2097152,1073736,2097152
1788948882,990272,2097152,1073736,2097152
1788948884,990272,2097152,1073736,2097152
1788948887,990272,2097152,1073736,2097152
1788948889,855264,2097152,1066112,2097152
1788948891,990272,2097152,1073736,2097152
1788948893,990272,2097152,1073736,2097152
1788948895,990272,2097152,1073736,2097152
1788948897,855264,2097152,1066112,2097152
1788948899,990272,2097152,1073736,2097152
1788948901,990272,2097152,1073736,2097152
1788948903,990272,2097152,1073736,2097152
1788948905,990272,2097152,1073736,2097152
1788948907,990272,2097152,1073736,2097152
1788948909,990272,2097152,1073736,2097152
1788948911,990272,2097152,1073736,2097152
1788948913,990272,2097152,1073736,2097152
1788948915,990272,2097152,1073736,2097152
1788948917,855264,2097152,1066112,2097152
1788948919,990272,2097152,1073736,2097152
1788948921,990272,2097152,1073736,2097152
1788948923,990272,2097152,1073736,2097152
1788948925,990272,2097152,1073736,2097152
1788948927,990272,2097152,1073736,2097152
1788948929,855264,2097152,1066112,2097152
1788948931,990272,2097152,1073736,2097152
1788948933,990272,2097152,1073736,2097152
1788948935,990272,2097152,1073736,2097152
1788948937,855264,2097152,1066112,2097152
1788948939,990272,2097152,1073736,2097152
1788948941,855264,2097152,1066112,2097152
1788948943,990272,2097152,1073736,2097152
1788948946,990272,2097152,1073736,2097152
1788948948,855264,2097152,1066112,2097152
1788948950,855264,2097152,1066112,2097152
1788948952,990272,2097152,1073736,2097152
1788948954,990272,2097152,1073736,2097152
1788948956,990272,2097152,1073736,2097152
1788948958,855264,2097152,1066112,2097152
1788948960,990272,2097152,1073736,2097152
1788948962,855264,2097152,1066112,2097152
1788948964,990272,2097152,1073736,2097152
1788948966,990272,2097152,1073736,2097152
1788948968,990272,2097152,1073736,2097152
1788948970,990272,2097152,1073736,2097152
1788948972,990272,2097152,1073736,2097152
1788948974,990272,2097152,1073736,2097152
1788948976,990272,2097152,1073736,2097152
1788948978,855264,2097152,1066112,2097152
1788948980,990272,2097152,1073736,2097152
1788948982,855264,2097152,1066112,2097152
1788948984,990272,2097152,1073736,2097152
1788948986,855264,2097152,1066112,2097152
1788948988,990272,2097152,1073736,2097152
1788948990,855264,2097152,1066112,2097152
1788948992,855264,2097152,1066112,2097152
1788948994,855264,2097152,1066112,2097152
1788948996,855264,2097152,1066112,2097152
1788948998,855264,2097152,1066112,2097152
1788949000,990272,2097152,1073736,2097152
1788949003,855264,2097152,1066112,2097152
1788949005,990272,2097152,1073736,2097152
1788949007,990272,2097152,1073736,2097152
1788949009,990272,2097152,1073736,2097152
1788949011,855264,2097152,1066112,2097152
1788949013,990272,2097152,1073736,2097152
1788949015,855264,2097152,1066112,2097152
1788949017,855264,2097152,1066112,2097152
1788949019,855264,2097152,1066112,2097152
1788949021,990272,2097152,1073736,2097152
1788949023,990272,2097152,1073736,2097152
1788949025,855264,2097152,1066112,2097152
1788949027,990272,2097152,1073736,2097152
1788949029,990272,2097152,1073736,2097152
1788949031,855264,2097152,1066112,2097152
1788949033,990272,2097152,1073736,2097152
1788949035,855264,2097152,1066112,2097152
1788949037,990272,2097152,1073736,2097152
1788949039,855264,2097152,1066112,2097152
1788949041,990272,2097152,1073736,2097152
1788949043,990272,2097152,1073736,2097152
1788949045,855264,2097152,1066112,2097152
1788949047,855264,2097152,1066112,2097152
1788949049,855264,2097152,1066112,2097152
1788949051,990272,2097152,1073736,2097152
1788949053,990272,2097152,1073736,2097152
1788949055,855264,2097152,1066112,2097152
1788949057,990272,2097152,1073736,2097152
1788949059,990272,2097152,1073736,2097152
1788949062,990272,2097152,1073736,2097152
1788949064,990272,2097152,1073736,2097152
1788949066,855264,2097152,1066112,2097152
1788949068,990272,2097152,1073736,2097152
1788949070,855264,2097152,1066112,2097152
1788949072,855264,2097152,1066112,2097152
1788949074,855264,2097152,1066112,2097152
1788949076,855264,2097152,1066112,2097152
1788949078,990272,2097152,1073736,2097152
1788949080,855264,2097152,1066112,2097152
1788949082,855264,2097152,1066112,2097152
1788949084,855264,2097152,1066112,2097152
1788949086,990272,2097152,1073736,2097152
1788949088,990272,2097152,1073736,2097152
1788949090,990272,2097152,1073736,2097152
1788949092,990272,2097152,1073736,2097152
1788949094,990272,2097152,1073736,2097152
1788949096,855264,2097152,1066112,2097152
1788949098,990272,2097152,1073736,2097152
1788949100,855264,2097152,1066112,2097152
1788949102,990272,2097152,1073736,2097152
1788949104,990264,2097152,1073736,2097152
1788949106,855264,2097152,1066112,2097152
1788949108,990272,2097152,1073736,2097152
1788949110,990272,2097152,1073736,2097152
1788949112,990272,2097152,1073736,2097152
1788949114,990272,2097152,1073736,2097152
1788949116,855264,2097152,1066112,2097152
1788949119,855264,2097152,1066112,2097152
1788949121,990272,2097152,1073736,2097152
1788949123,855264,2097152,1066112,2097152
1788949125,855264,2097152,1066112,2097152
1788949127,855264,2097152,1066112,2097152
1788949129,855264,2097152,1066112,2097152
1788949131,990272,2097152,1073736,2097152
1788949133,855264,2097152,1066112,2097152
1788949135,990272,2097152,1073736,2097152
1788949137,990272,2097152,1073736,2097152
1788949139,990272,2097152,1073736,2097152
1788949141,990272,2097152,1073736,2097152
1788949143,855264,2097152,1066112,2097152
1788949145,855264,2097152,1066112,2097152
1788949147,855264,2097152,1066112,2097152
1788949149,990272,2097152,1073736,2097152
1788949151,855264,2097152,1066112,2097152
1788949153,990272,2097152,1073736,2097152
1788949155,990272,2097152,1073736,2097152
1788949157,855264,2097152,1066112,2097152
1788949159,855264,2097152,1066112,2097152
1788949161,855264,2097152,1066112,2097152
1788949163,855264,2097152,1066112,2097152
1788949165,990272,2097152,1073736,2097152
1788949167,855264,2097152,1066112,2097152
1788949169,990272,2097152,1073736,2097152
1788949171,855264,2097152,1066112,2097152
1788949173,855264,2097152,1066112,2097152
1788949176,990272,2097152,1073736,2097152
1788949178,990272,2097152,1073736,2097152
1788949180,990272,2097152,1073736,2097152
1788949182,990272,2097152,1073736,2097152
1788949184,990272,2097152,1073736,2097152
1788949186,990272,2097152,1073736,2097152
1788949188,990272,2097152,1073736,2097152
1788949190,990272,2097152,1073736,2097152
1788949192,855264,2097152,1066112,2097152
1788949194,990272,2097152,1073736,2097152
1788949196,990272,2097152,1073736,2097152
1788949198,855264,2097152,1066112,2097152
1788949200,990272,2097152,1073736,2097152
1788949202,855264,2097152,1066112,2097152
1788949204,855264,2097152,1066112,2097152
1788949206,990272,2097152,1073736,2097152
1788949208,990272,2097152,1073736,2097152
1788949210,990272,2097152,1073736,2097152
1788949212,990272,2097152,1073736,2097152
1788949214,990272,2097152,1073736,2097152
1788949216,990272,2097152,1073736,2097152
1788949218,990272,2097152,1073736,2097152
1788949220,990272,2097152,1073736,2097152
1788949222,855264,2097152,1066112,2097152
1788949224,855264,2097152,1066112,2097152
1788949226,990272,2097152,1073736,2097152
1788949228,990272,2097152,1073736,2097152
1788949231,855264,2097152,1066112,2097152
1788949233,990272,2097152,1073736,2097152
1788949235,855264,2097152,1066112,2097152
1788949237,990272,2097152,1073736,2097152
1788949239,855264,2097152,1066112,2097152
1788949241,855264,2097152,1066112,2097152
1788949243,990272,2097152,1073736,2097152
1788949245,855264,2097152,1066112,2097152
1788949247,990272,2097152,1073736,2097152
1788949249,990272,2097152,1073736,2097152
1788949251,990272,2097152,1073736,2097152
1788949253,990272,2097152,1073736,2097152
1788949255,990272,2097152,1073736,2097152
1788949257,855264,2097152,1066112,2097152
1788949259,990272,2097152,1073736,2097152
1788949261,990272,2097152,1073736,2097152
1788949263,990272,2097152,1073736,2097152
1788949265,990272,2097152,1073736,2097152
1788949267,855264,2097152,1066112,2097152
1788949269,990272,2097152,1073736,2097152
1788949271,990272,2097152,1073736,2097152
1788949273,990272,2097152,1073736,2097152
1788949275,855264,2097152,1066112,2097152
1788949277,990272,2097152,1073736,2097152
1788949279,855264,2097152,1066112,2097152
1788949281,855264,2097152,1066112,2097152
1788949283,990272,2097152,1073736,2097152
1788949285,855264,2097152,1066112,2097152
1788949287,855264,2097152,1066112,2097152
1788949290,990272,2097152,1073736,2097152
1788949292,855264,2097152,1066112,2097152
1788949294,855264,2097152,1066112,2097152
1788949296,990272,2097152,1073736,2097152
1788949298,990272,2097152,1073736,2097152
1788949300,990272,2097152,1073736,2097152
1788949302,990272,2097152,1073736,2097152
1788949304,855264,2097152,1066112,2097152
1788949306,855264,2097152,1066112,2097152
1788949308,855264,2097152,1066112,2097152
1788949310,855264,2097152,1066112,2097152
1788949312,855264,2097152,1066112,2097152
1788949314,855264,2097152,1066112,2097152
1788949316,990272,2097152,1073736,2097152
1788949318,990272,2097152,1073736,2097152
1788949320,990272,2097152,1073736,2097152
1788949322,855264,2097152,1066112,2097152
1788949324,990272,2097152,1073736,2097152
1788949326,990272,2097152,1073736,2097152
1788949328,990272,2097152,1073736,2097152
1788949330,990272,2097152,1073736,2097152
1788949332,855264,2097152,1066112,2097152
1788949334,855264,2097152,1066112,2097152
1788949336,855264,2097152,1066112,2097152
1788949338,990272,2097152,1073736,2097152
1788949340,855264,2097152,1066112,2097152
1788949342,990272,2097152,1073736,2097152
1788949344,990272,2097152,1073736,2097152
1788949347,990272,2097152,1073736,2097152
1788949349,990272,2097152,1073736,2097152
1788949351,855264,2097152,1066112,2097152
1788949353,990272,2097152,1073736,2097152
1788949355,990272,2097152,1073736,2097152
1788949357,990272,2097152,1073736,2097152
1788949359,990272,2097152,1073736,2097152
1788949361,990272,2097152,1073736,2097152
1788949363,990272,2097152,1073736,2097152
1788949365,990272,2097152,1073736,2097152
1788949367,855264,2097152,1066112,2097152
1788949369,990272,2097152,1073736,2097152
1788949371,990272,2097152,1073736,2097152
1788949373,990272,2097152,1073736,2097152
1788949375,855264,2097152,1066112,2097152
1788949377,855264,2097152,1066112,2097152
1788949379,990272,2097152,1073736,2097152
1788949381,855264,2097152,1066112,2097152
1788949383,990272,2097152,1073736,2097152
1788949385,855264,2097152,1066112,2097152
1788949387,990272,2097152,1073736,2097152
1788949389,855264,2097152,1066112,2097152
1788949391,990272,2097152,1073736,2097152
1788949393,990272,2097152,1073736,2097152
1788949395,990272,2097152,1073736,2097152
1788949397,855264,2097152,1066112,2097152
1788949399,855264,2097152,1066112,2097152
1788949401,855264,2097152,1066112,2097152
1788949404,855264,2097152,1066112,2097152
1788949406,990272,2097152,1073736,2097152
1788949408,990272,2097152,1073736,2097152
1788949410,990272,2097152,1073736,2097152
1788949412,990272,2097152,1073736,2097152
1788949414,855264,2097152,1066112,2097152
1788949416,990272,2097152,1073736,2097152
1788949418,990272,2097152,1073736,2097152
1788949420,990272,2097152,1073736,2097152
1788949422,990272,2097152,1073736,2097152
1788949424,855264,2097152,1066112,2097152
1788949426,990272,2097152,1073736,2097152
1788949428,990272,2097152,1073736,2097152
1788949430,990272,2097152,1073736,2097152
1788949432,855264,2097152,1066112,2097152
1788949434,855264,2097152,1066112,2097152
1788949436,990272,2097152,1073736,2097152
1788949438,990272,2097152,1073736,2097152
1788949440,855264,2097152,1066112,2097152
1788949442,990272,2097152,1073736,2097152
1788949444,990272,2097152,1073736,2097152
1788949446,990272,2097152,1073736,2097152
1788949448,990272,2097152,1073736,2097152
1788949450,990272,2097152,1073736,2097152
1788949452,990272,2097152,1073736,2097152
1788949454,855264,2097152,1066112,2097152
1788949456,855264,2097152,1066112,2097152
1788949458,855264,2097152,1066112,2097152
1788949460,855264,2097152,1066112,2097152
1788949463,990272,2097152,1073736,2097152
1788949465,855264,2097152,1066112,2097152
1788949467,855264,2097152,1066112,2097152
1788949469,855264,2097152,1066112,2097152
1788949471,855264,2097152,1066112,2097152
1788949473,990272,2097152,1073736,2097152
1788949475,855264,2097152,1066112,2097152
1788949477,990272,2097152,1073736,2097152
1788949479,990272,2097152,1073736,2097152
1788949481,990272,2097152,1073736,2097152
1788949483,990272,2097152,1073736,2097152
1788949485,990272,2097152,1073736,2097152
1788949487,990272,2097152,1073736,2097152
1788949489,990272,2097152,1073736,2097152
1788949491,990272,2097152,1073736,2097152
1788949493,855264,2097152,1066112,2097152
1788949495,990272,2097152,1073736,2097152
1788949497,855264,2097152,1066112,2097152
1788949499,855264,2097152,1066112,2097152
1788949501,990272,2097152,1073736,2097152
1788949503,855264,2097152,1066112,2097152
1788949505,990272,2097152,1073736,2097152
1788949507,990272,2097152,1073736,2097152
1788949509,990272,2097152,1073736,2097152
1788949511,855264,2097152,1066112,2097152
1788949513,990272,2097152,1073736,2097152
1788949515,990272,2097152,1073736,2097152
1788949517,990272,2097152,1073736,2097152
1788949520,990272,2097152,1073736,2097152
1788949522,990272,2097152,1073736,2097152
1788949524,990272,2097152,1073736,2097152
1788949526,990272,2097152,1073736,2097152
1788949528,990272,2097152,1073736,2097152
1788949530,855264,2097152,1066112,2097152
1788949532,990272,2097152,1073736,2097152
1788949534,990272,2097152,1073736,2097152
1788949536,990272,2097152,1073736,2097152
1788949538,855264,2097152,1066112,2097152
1788949540,990272,2097152,1073736,2097152
1788949542,855264,2097152,1066112,2097152
1788949544,990272,2097152,1073736,2097152
1788949546,855264,2097152,1066112,2097152
1788949548,855264,2097152,1066112,2097152
1788949550,990272,2097152,1073736,2097152
1788949552,990272,2097152,1073736,2097152
1788949554,990272,2097152,1073736,2097152
1788949556,855264,2097152,1066112,2097152
1788949558,990272,2097152,1073736,2097152
1788949560,990272,2097152,1073736,2097152
1788949562,990272,2097152,1073736,2097152
1788949564,990272,2097152,1073736,2097152
1788949566,990272,2097152,1073736,2097152
1788949568,855264,2097152,1066112,2097152
1788949570,855264,2097152,1066112,2097152
1788949572,990272,2097152,1073736,2097152
1788949574,855264,2097152,1066112,2097152
1788949576,990272,2097152,1073736,2097152
1788949578,990272,2097152,1073736,2097152
1788949581,855264,2097152,1066112,2097152
1788949583,990272,2097152,1073736,2097152
1788949585,855264,2097152,1066112,2097152
1788949587,990272,2097152,1073736,2097152
1788949589,990272,2097152,1073736,2097152
1788949591,990272,2097152,1073736,2097152
1788949593,855264,2097152,1066112,2097152
1788949595,990272,2097152,1073736,2097152
1788949597,990272,2097152,1073736,2097152
1788949599,990272,2097152,1073736,2097152
1788949601,990272,2097152,1073736,2097152
1788949603,855264,2097152,1066112,2097152
1788949605,990272,2097152,1073736,2097152
1788949607,990272,2097152,1073736,2097152
1788949609,990272,2097152,1073736,2097152
1788949611,990272,2097152,1073736,2097152
1788949613,990272,2097152,1073736,2097152
1788949615,990272,2097152,1073736,2097152
1788949617,990272,2097152,1073736,2097152
1788949619,990272,2097152,1073736,2097152
1788949621,990272,2097152,1073736,2097152
1788949623,990272,2097152,1073736,2097152
1788949625,990272,2097152,1073736,2097152
1788949627,990272,2097152,1073736,2097152
1788949629,990272,2097152,1073736,2097152
1788949631,855264,2097152,1066112,2097152
1788949633,855264,2097152,1066112,2097152
1788949635,990272,2097152,1073736,2097152
1788949637,990272,2097152,1073736,2097152
1788949640,855264,2097152,1066112,2097152
1788949642,855264,2097152,1066112,2097152
1788949644,990272,2097152,1073736,2097152
1788949646,990272,2097152,1073736,2097152
1788949648,990272,2097152,1073736,2097152
1788949650,990272,2097152,1073736,2097152
1788949652,855264,2097152,1066112,2097152
1788949654,855264,2097152,1066112,2097152
1788949656,990272,2097152,1073736,2097152
1788949658,990272,2097152,1073736,2097152
1788949660,990272,2097152,1073736,2097152
1788949662,855264,2097152,1066112,2097152
1788949664,855264,2097152,1066112,2097152
1788949666,990272,2097152,1073736,2097152
1788949668,990272,2097152,1073736,2097152
1788949670,855264,2097152,1066112,2097152
1788949672,990272,2097152,1073736,2097152
1788949674,990272,2097152,1073736,2097152
1788949676,990272,2097152,1073736,2097152
1788949678,990272,2097152,1073736,2097152
1788949680,855264,2097152,1066112,2097152
1788949682,990272,2097152,1073736,2097152
1788949684,990272,2097152,1073736,2097152
1788949686,990272,2097152,1073736,2097152
1788949688,990272,2097152,1073736,2097152
1788949690,855264,2097152,1066112,2097152
1788949692,990272,2097152,1073736,2097152
1788949694,990272,2097152,1073736,2097152
1788949696,855264,2097152,1066112,2097152
1788949699,855264,2097152,1066112,2097152
1788949701,855264,2097152,1066112,2097152
1788949703,855264,2097152,1066112,2097152
1788949705,990272,2097152,1073736,2097152
1788949707,990272,2097152,1073736,2097152
1788949709,990272,2097152,1073736,2097152
1788949711,855264,2097152,1066112,2097152
1788949713,990272,2097152,1073736,2097152
1788949715,990272,2097152,1073736,2097152
1788949717,990272,2097152,1073736,2097152
1788949719,990272,2097152,1073736,2097152
1788949721,990272,2097152,1073736,2097152
1788949723,990272,2097152,1073736,2097152
1788949725,990272,2097152,1073736,2097152
1788949727,855264,2097152,1066112,2097152
1788949729,855264,2097152,1066112,2097152
1788949731,855264,2097152,1066112,2097152
1788949733,990272,2097152,1073736,2097152
1788949735,990272,2097152,1073736,2097152
1788949737,990272,2097152,1073736,2097152
1788949739,990272,2097152,1073736,2097152
1788949741,990272,2097152,1073736,2097152
1788949743,990272,2097152,1073736,2097152
1788949745,990272,2097152,1073736,2097152
1788949747,990272,2097152,1073736,2097152
1788949749,990272,2097152,1073736,2097152
1788949751,855264,2097152,1066112,2097152
1788949753,990272,2097152,1073736,2097152
1788949755,855264,2097152,1066112,2097152
1788949757,855264,2097152,1066112,2097152
1788949760,855264,2097152,1066112,2097152
1788949762,990272,2097152,1073736,2097152
1788949764,990272,2097152,1073736,2097152
1788949766,990272,2097152,1073736,2097152
1788949768,990272,2097152,1073736,2097152
1788949770,855264,2097152,1066112,2097152
1788949772,855264,2097152,1066112,2097152
1788949774,855264,2097152,1066112,2097152
1788949776,990272,2097152,1073736,2097152
1788949778,990272,2097152,1073736,2097152
1788949780,855264,2097152,1066112,2097152
1788949782,990272,2097152,1073736,2097152
1788949784,990272,2097152,1073736,2097152
1788949786,990272,2097152,1073736,2097152
1788949788,990272,2097152,1073736,2097152
1788949790,855264,2097152,1066112,2097152
1788949792,855264,2097152,1066112,2097152
1788949794,990272,2097152,1073736,2097152
1788949796,990272,2097152,1073736,2097152
1788949798,990272,2097152,1073736,2097152
1788949800,990272,2097152,1073736,2097152
1788949802,855264,2097152,1066112,2097152
1788949804,990272,2097152,1073736,2097152
1788949806,990272,2097152,1073736,2097152
1788949808,990272,2097152,1073736,2097152
1788949810,990272,2097152,1073736,2097152
1788949812,855264,2097152,1066112,2097152
1788949814,990272,2097152,1073736,2097152
1788949817,855264,2097152,1066112,2097152
1788949819,990272,2097152,1073736,2097152
1788949821,855264,2097152,1066112,2097152
1788949823,990272,2097152,1073736,2097152
1788949825,855264,2097152,1066112,2097152
1788949827,990272,2097152,1073736,2097152
1788949829,855264,2097152,1066112,2097152
1788949831,990272,2097152,1073736,2097152
1788949833,855264,2097152,1066112,2097152
1788949835,990272,2097152,1073736,2097152
1788949837,990272,2097152,1073736,2097152
1788949839,990272,2097152,1073736,2097152
1788949841,990272,2097152,1073736,2097152
1788949843,990272,2097152,1073736,2097152
1788949845,990272,2097152,1073736,2097152
1788949847,990272,2097152,1073736,2097152
1788949849,990272,2097152,1073736,2097152
1788949851,855264,2097152,1066112,2097152
1788949853,855264,2097152,1066112,2097152
1788949855,990272,2097152,1073736,2097152
1788949857,990272,2097152,1073736,2097152
1788949859,990272,2097152,1073736,2097152
1788949861,990272,2097152,1073736,2097152
1788949863,990272,2097152,1073736,2097152
1788949865,855264,2097152,1066112,2097152
1788949867,990272,2097152,1073736,2097152
1788949869,855264,2097152,1066112,2097152
1788949871,990272,2097152,1073736,2097152
1788949873,990272,2097152,1073736,2097152
1788949875,990272,2097152,1073736,2097152
1788949877,990272,2097152,1073736,2097152
1788949880,990272,2097152,1073736,2097152
1788949882,855264,2097152,1066112,2097152
1788949884,990272,2097152,1073736,2097152
1788949886,990272,2097152,1073736,2097152
1788949888,855264,2097152,1066112,2097152
1788949890,990272,2097152,1073736,2097152
1788949892,855264,2097152,1066112,2097152
1788949894,855264,2097152,1066112,2097152
1788949896,855264,2097152,1066112,2097152
1788949898,855264,2097152,1066112,2097152
1788949900,990272,2097152,1073736,2097152
1788949902,990272,2097152,1073736,2097152
1788949904,990272,2097152,1073736,2097152
1788949906,990272,2097152,1073736,2097152
1788949908,990272,2097152,1073736,2097152
1788949910,990272,2097152,1073736,2097152
1788949912,990272,2097152,1073736,2097152
1788949914,990272,2097152,1073736,2097152
1788949916,990272,2097152,1073736,2097152
1788949918,855264,2097152,1066112,2097152
1788949920,990272,2097152,1073736,2097152
1788949922,990272,2097152,1073736,2097152
1788949924,855264,2097152,1066112,2097152
1788949926,990272,2097152,1073736,2097152
1788949928,990272,2097152,1073736,2097152
1788949930,990272,2097152,1073736,2097152
1788949932,855264,2097152,1066112,2097152
1788949934,990272,2097152,1073736,2097152
1788949936,990272,2097152,1073736,2097152
1788949938,990272,2097152,1073736,2097152
1788949941,990272,2097152,1073736,2097152
1788949943,855264,2097152,1066112,2097152
1788949945,990272,2097152,1073736,2097152
1788949947,855264,2097152,1066112,2097152
1788949949,990272,2097152,1073736,2097152
1788949951,990272,2097152,1073736,2097152
1788949953,855264,2097152,1066112,2097152
1788949955,855264,2097152,1066112,2097152
1788949957,855264,2097152,1066112,2097152
1788949959,990272,2097152,1073736,2097152
1788949961,990272,2097152,1073736,2097152
1788949963,990272,2097152,1073736,2097152
1788949965,855264,2097152,1066112,2097152
1788949967,990272,2097152,1073736,2097152
1788949969,990272,2097152,1073736,2097152
1788949971,855264,2097152,1066112,2097152
1788949973,855264,2097152,1066112,2097152
1788949975,990272,2097152,1073736,2097152
1788949977,990272,2097152,1073736,2097152
1788949979,990272,2097152,1073736,2097152
1788949981,855264,2097152,1066112,2097152
1788949983,990272,2097152,1073736,2097152
1788949985,855264,2097152,1066112,2097152
1788949987,990272,2097152,1073736,2097152
1788949989,990272,2097152,1073736,2097152
1788949991,990272,2097152,1073736,2097152
1788949993,990272,2097152,1073736,2097152
1788949995,990272,2097152,1073736,2097152
1788949997,855264,2097152,1066112,2097152
1788950000,990272,2097152,1073736,2097152
1788950002,990272,2097152,1073736,2097152
1788950004,855264,2097152,1066112,2097152
1788950006,990272,2097152,1073736,2097152
1788950008,990272,2097152,1073736,2097152
1788950010,990272,2097152,1073736,2097152
1788950012,855264,2097152,1066112,2097152
1788950014,855264,2097152,1066112,2097152
1788950016,990272,2097152,1073736,2097152
1788950018,855264,2097152,1066112,2097152
1788950020,990272,2097152,1073736,2097152
1788950022,855264,2097152,1066112,2097152
1788950024,990272,2097152,1073736,2097152
1788950026,855264,2097152,1066112,2097152
1788950028,855264,2097152,1066112,2097152
1788950030,990272,2097152,1073736,2097152
1788950032,855264,2097152,1066112,2097152
1788950034,855264,2097152,1066112,2097152
1788950036,990272,2097152,1073736,2097152
1788950038,990272,2097152,1073736,2097152
1788950040,990272,2097152,1073736,2097152
1788950042,855264,2097152,1066112,2097152
1788950044,990272,2097152,1073736,2097152
1788950046,990272,2097152,1073736,2097152
1788950048,990272,2097152,1073736,2097152
1788950050,855264,2097152,1066112,2097152
1788950052,990272,2097152,1073736,2097152
1788950054,990272,2097152,1073736,2097152
1788950056,990272,2097152,1073736,2097152
1788950059,990272,2097152,1073736,2097152
1788950061,855264,2097152,1066112,2097152
1788950063,990272,2097152,1073736,2097152
1788950065,990272,2097152,1073736,2097152
1788950067,990272,2097152,1073736,2097152
1788950069,990272,2097152,1073736,2097152
1788950071,990272,2097152,1073736,2097152
1788950073,990272,2097152,1073736,2097152
1788950075,990272,2097152,1073736,2097152
1788950077,990272,2097152,1073736,2097152
1788950079,990272,2097152,1073736,2097152
1788950081,990272,2097152,1073736,2097152
1788950083,990272,2097152,1073736,2097152
1788950085,990272,2097152,1073736,2097152
1788950087,990272,2097152,1073736,2097152
1788950089,990272,2097152,1073736,2097152
1788950091,855264,2097152,1066112,2097152
1788950093,990272,2097152,1073736,2097152
1788950095,990272,2097152,1073736,2097152
1788950097,855264,2097152,1066112,2097152
1788950099,990272,2097152,1073736,2097152
1788950101,990272,2097152,1073736,2097152
1788950103,990272,2097152,1073736,2097152
1788950105,855264,2097152,1066112,2097152
1788950107,855264,2097152,1066112,2097152
1788950109,990272,2097152,1073736,2097152
1788950111,990272,2097152,1073736,2097152
1788950113,855264,2097152,1066112,2097152
1788950115,990272,2097152,1073736,2097152
1788950117,990272,2097152,1073736,2097152
1788950120,990272,2097152,1073736,2097152
1788950122,505952,2097152,663368,2097152
1788950124,855264,2097152,1066112,2097152
1788950126,855264,2097152,1066112,2097152
1788950128,505952,2097152,663368,2097152
1788950130,855264,2097152,1066112,2097152
1788950132,855264,2097152,1066112,2097152
1788950134,855264,2097152,1066112,2097152
1788950136,505952,2097152,663368,2097152
1788950138,855264,2097152,1066112,2097152
1788950140,505952,2097152,663368,2097152
1788950142,505952,2097152,663368,2097152
1788950144,505952,2097152,663368,2097152
1788950146,855264,2097152,1066112,2097152
1788950148,505952,2097152,663368,2097152
1788950150,505952,2097152,663368,2097152
1788950152,505952,2097152,663368,2097152
1788950154,505952,2097152,663368,2097152
1788950156,505952,2097152,663368,2097152
1788950158,505952,2097152,663368,2097152
1788950160,855264,2097152,1066112,2097152
1788950162,505952,2097152,663368,2097152
1788950164,505952,2097152,663368,2097152
1788950166,505952,2097152,663368,2097152
1788950168,505952,2097152,663368,2097152
1788950170,855264,2097152,1066112,2097152
1788950172,855264,2097152,1066112,2097152
1788950174,505952,2097152,663368,2097152
1788950176,505952,2097152,663368,2097152
1788950178,855264,2097152,1066112,2097152
1788950181,505952,2097152,663368,2097152
1788950183,505952,2097152,663368,2097152
1788950185,855264,2097152,1066112,2097152
1788950187,505952,2097152,663368,2097152
1788950189,855264,2097152,1066112,2097152
1788950191,855264,2097152,1066112,2097152
1788950193,505952,2097152,663368,2097152
1788950195,505952,2097152,663368,2097152
1788950197,505952,2097152,663368,2097152
1788950199,505952,2097152,663368,2097152
1788950201,855264,2097152,1066112,2097152
1788950203,505952,2097152,663368,2097152
1788950205,505952,2097152,663368,2097152
1788950207,855264,2097152,1066112,2097152
1788950209,505952,2097152,663368,2097152
1788950211,505952,2097152,663368,2097152
1788950213,505952,2097152,663368,2097152
1788950215,855264,2097152,1066112,2097152
1788950217,505952,2097152,663368,2097152
1788950219,505952,2097152,663368,2097152
1788950221,855264,2097152,1066112,2097152
1788950223,855264,2097152,1066112,2097152
1788950225,505952,2097152,663368,2097152
1788950227,505952,2097152,663368,2097152
1788950229,855264,2097152,1066112,2097152
1788950231,505952,2097152,663368,2097152
1788950233,855264,2097152,1066112,2097152
1788950235,505952,2097152,663368,2097152
1788950237,505952,2097152,663368,2097152
1788950240,505952,2097152,663368,2097152
1788950242,505952,2097152,663368,2097152
1788950244,855264,2097152,1066112,2097152
1788950246,855264,2097152,1066112,2097152
1788950248,505952,2097152,663368,2097152
1788950250,505952,2097152,663368,2097152
1788950252,855264,2097152,1066112,2097152
1788950254,505952,2097152,663368,2097152
1788950256,505952,2097152,663368,2097152
1788950258,505952,2097152,663368,2097152
1788950260,505952,2097152,663368,2097152
1788950262,505952,2097152,663368,2097152
1788950264,505952,2097152,663368,2097152
1788950266,505952,2097152,663368,2097152
1788950268,505952,2097152,663368,2097152
1788950270,505952,2097152,663368,2097152
1788950272,855264,2097152,1066112,2097152
1788950274,505952,2097152,663368,2097152
1788950276,855264,2097152,1066112,2097152
1788950278,855264,2097152,1066112,2097152
1788950280,505952,2097152,663368,2097152
1788950282,505952,2097152,663368,2097152
1788950284,505952,2097152,663368,2097152
1788950286,505952,2097152,663368,2097152
1788950288,855264,2097152,1066112,2097152
1788950290,855264,2097152,1066112,2097152
1788950292,855264,2097152,1066112,2097152
1788950294,505952,2097152,663368,2097152
1788950297,855264,2097152,1066112,2097152
1788950299,855264,2097152,1066112,2097152
1788950301,505952,2097152,663368,2097152
1788950303,505952,2097152,663368,2097152
1788950305,855264,2097152,1066112,2097152
1788950307,505952,2097152,663368,2097152
1788950309,505952,2097152,663368,2097152
1788950311,505952,2097152,663368,2097152
1788950313,505952,2097152,663368,2097152
1788950315,505952,2097152,663368,2097152
1788950317,855264,2097152,1066112,2097152
1788950319,505952,2097152,663368,2097152
1788950321,505952,2097152,663368,2097152
1788950323,855264,2097152,1066112,2097152
1788950325,505952,2097152,663368,2097152
1788950327,505952,2097152,663368,2097152
1788950329,505952,2097152,663368,2097152
1788950331,855264,2097152,1066112,2097152
1788950333,505952,2097152,663368,2097152
1788950335,505952,2097152,663368,2097152
1788950337,505952,2097152,663368,2097152
1788950339,505952,2097152,663368,2097152
1788950341,855264,2097152,1066112,2097152
1788950343,855264,2097152,1066112,2097152
1788950345,855264,2097152,1066112,2097152
1788950347,505952,2097152,663368,2097152
1788950349,855264,2097152,1066112,2097152
1788950351,505952,2097152,663368,2097152
1788950353,505952,2097152,663368,2097152
1788950356,855264,2097152,1066112,2097152
1788950358,505952,2097152,663368,2097152
1788950360,505952,2097152,663368,2097152
1788950362,505952,2097152,663368,2097152
1788950364,505952,2097152,663368,2097152
1788950366,855264,2097152,1066112,2097152
1788950368,855264,2097152,1066112,2097152
1788950370,505952,2097152,663368,2097152
1788950372,505952,2097152,663368,2097152
1788950374,505952,2097152,663368,2097152
1788950376,855264,2097152,1066112,2097152
1788950378,855264,2097152,1066112,2097152
1788950380,855264,2097152,1066112,2097152
1788950382,855264,2097152,1066112,2097152
1788950384,505952,2097152,663368,2097152
1788950386,505952,2097152,663368,2097152
1788950388,855264,2097152,1066112,2097152
1788950390,855264,2097152,1066112,2097152
1788950392,505952,2097152,663368,2097152
1788950394,505952,2097152,663368,2097152
1788950396,855264,2097152,1066112,2097152
1788950398,855264,2097152,1066112,2097152
1788950400,505952,2097152,663368,2097152
1788950402,505952,2097152,663368,2097152
1788950404,855264,2097152,1066112,2097152
1788950406,505952,2097152,663368,2097152
1788950408,505952,2097152,663368,2097152
1788950410,855264,2097152,1066112,2097152
1788950412,505952,2097152,663368,2097152
1788950415,855264,2097152,1066112,2097152
1788950417,505952,2097152,663368,2097152
1788950419,855264,2097152,1066112,2097152
1788950421,505952,2097152,663368,2097152
1788950423,505952,2097152,663368,2097152
1788950425,505952,2097152,663368,2097152
1788950427,505952,2097152,663368,2097152
1788950429,505952,2097152,663368,2097152
1788950431,505952,2097152,663368,2097152
1788950433,505952,2097152,663368,2097152
1788950435,505952,2097152,663368,2097152
1788950437,505952,2097152,663368,2097152
1788950439,505952,2097152,663368,2097152
1788950441,505952,2097152,663368,2097152
1788950443,505952,2097152,663368,2097152
1788950445,855264,2097152,1066112,2097152
1788950447,505952,2097152,663368,2097152
1788950449,505952,2097152,663368,2097152
1788950451,505952,2097152,663368,2097152
1788950453,505952,2097152,663368,2097152
1788950455,855264,2097152,1066112,2097152
1788950457,505952,2097152,663368,2097152
1788950459,505952,2097152,663368,2097152
1788950461,505952,2097152,663368,2097152
1788950463,505952,2097152,663368,2097152
1788950465,505952,2097152,663368,2097152
1788950467,855264,2097152,1066112,2097152
1788950469,855264,2097152,1066112,2097152
1788950471,505952,2097152,663368,2097152
1788950473,505952,2097152,663368,2097152
1788950475,855264,2097152,1066112,2097152
1788950478,855264,2097152,1066112,2097152
1788950480,505952,2097152,663368,2097152
1788950482,505952,2097152,663368,2097152
1788950484,505952,2097152,663368,2097152
1788950486,855264,2097152,1066112,2097152
1788950488,505952,2097152,663368,2097152
1788950490,855264,2097152,1066112,2097152
1788950492,505952,2097152,663368,2097152
1788950494,505952,2097152,663368,2097152
1788950496,505952,2097152,663368,2097152
1788950498,855264,2097152,1066112,2097152
1788950500,855264,2097152,1066112,2097152
1788950502,855264,2097152,1066112,2097152
1788950504,505952,2097152,663368,2097152
1788950506,505952,2097152,663368,2097152
1788950508,505952,2097152,663368,2097152
1788950510,505952,2097152,663368,2097152
1788950512,505952,2097152,663368,2097152
1788950514,505952,2097152,663368,2097152
1788950516,505952,2097152,663368,2097152
1788950518,505952,2097152,663368,2097152
1788950520,505952,2097152,663368,2097152
1788950522,505952,2097152,663368,2097152
1788950524,505952,2097152,663368,2097152
1788950526,505952,2097152,663368,2097152
1788950528,505952,2097152,663368,2097152
1788950530,505952,2097152,663368,2097152
1788950532,505952,2097152,663368,2097152
1788950534,505952,2097152,663368,2097152
1788950537,505952,2097152,663368,2097152
1788950539,505952,2097152,663368,2097152
1788950541,505952,2097152,663368,2097152
1788950543,505952,2097152,663368,2097152
1788950545,505952,2097152,663368,2097152
1788950547,505952,2097152,663368,2097152
1788950549,505952,2097152,663368,2097152
1788950551,505952,2097152,663368,2097152
1788950553,505952,2097152,663368,2097152
1788950555,855264,2097152,1066112,2097152
1788950557,505952,2097152,663368,2097152
1788950559,855264,2097152,1066112,2097152
1788950561,505952,2097152,663368,2097152
1788950563,855264,2097152,1066112,2097152
1788950565,505952,2097152,663368,2097152
1788950567,505952,2097152,663368,2097152
1788950569,855264,2097152,1066112,2097152
1788950571,855264,2097152,1066112,2097152
1788950573,505952,2097152,663368,2097152
1788950575,505952,2097152,663368,2097152
1788950577,505952,2097152,663368,2097152
1788950579,505952,2097152,663368,2097152
1788950581,505952,2097152,663368,2097152
1788950583,505952,2097152,663368,2097152
1788950585,505952,2097152,663368,2097152
1788950587,505952,2097152,663368,2097152
1788950589,505952,2097152,663368,2097152
1788950591,855264,2097152,1066112,2097152
1788950593,505952,2097152,663368,2097152
1788950596,855264,2097152,1066112,2097152
1788950598,855264,2097152,1066112,2097152
1788950600,505952,2097152,663368,2097152
1788950602,505952,2097152,663368,2097152
1788950604,855264,2097152,1066112,2097152
1788950606,855264,2097152,1066112,2097152
1788950608,505952,2097152,663368,2097152
1788950610,505952,2097152,663368,2097152
1788950612,505952,2097152,663368,2097152
1788950614,505952,2097152,663368,2097152
1788950616,855264,2097152,1066112,2097152
1788950618,855264,2097152,1066112,2097152
1788950620,505952,2097152,663368,2097152
1788950622,505952,2097152,663368,2097152
1788950624,855264,2097152,1066112,2097152
1788950626,505952,2097152,663368,2097152
1788950628,505952,2097152,663368,2097152
1788950630,505952,2097152,663368,2097152
1788950632,505952,2097152,663368,2097152
1788950634,505952,2097152,663368,2097152
1788950636,505952,2097152,663368,2097152
1788950638,855264,2097152,1066112,2097152
1788950640,505952,2097152,663368,2097152
1788950642,505952,2097152,663368,2097152
1788950644,855264,2097152,1066112,2097152
1788950646,505952,2097152,663368,2097152
1788950648,505952,2097152,663368,2097152
1788950650,505952,2097152,663368,2097152
1788950653,855264,2097152,1066112,2097152
1788950655,855264,2097152,1066112,2097152
1788950657,505952,2097152,663368,2097152
1788950659,855264,2097152,1066112,2097152
1788950661,505952,2097152,663368,2097152
1788950663,505952,2097152,663368,2097152
1788950665,505952,2097152,663368,2097152
1788950667,505952,2097152,663368,2097152
1788950669,505952,2097152,663368,2097152
1788950671,505952,2097152,663368,2097152
1788950673,505952,2097152,663368,2097152
1788950675,505952,2097152,663368,2097152
1788950677,505952,2097152,663368,2097152
1788950679,505952,2097152,663368,2097152
1788950681,505952,2097152,663368,2097152
1788950683,505952,2097152,663368,2097152
1788950685,505952,2097152,663368,2097152
1788950687,505952,2097152,663368,2097152
1788950689,855264,2097152,1066112,2097152
1788950691,855264,2097152,1066112,2097152
1788950693,855264,2097152,1066112,2097152
1788950695,505952,2097152,663368,2097152
1788950697,505952,2097152,663368,2097152
1788950699,505952,2097152,663368,2097152
1788950701,505952,2097152,663368,2097152
1788950703,855264,2097152,1066112,2097152
1788950705,505952,2097152,663368,2097152
1788950707,505952,2097152,663368,2097152
1788950709,505952,2097152,663368,2097152
1788950711,505952,2097152,663368,2097152
1788950714,505952,2097152,663368,2097152
1788950716,505952,2097152,663368,2097152
1788950718,505952,2097152,663368,2097152
1788950720,855264,2097152,1066112,2097152
1788950722,505952,2097152,663368,2097152
1788950724,505952,2097152,663368,2097152
1788950726,505952,2097152,663368,2097152
1788950728,505952,2097152,663368,2097152
1788950730,855264,2097152,1066112,2097152
1788950732,505952,2097152,663368,2097152
1788950734,505952,2097152,663368,2097152
1788950736,505952,2097152,663368,2097152
1788950738,505952,2097152,663368,2097152
1788950740,855264,2097152,1066112,2097152
1788950742,505952,2097152,663368,2097152
1788950744,505952,2097152,663368,2097152
1788950746,855264,2097152,1066112,2097152
1788950748,855264,2097152,1066112,2097152
1788950750,505952,2097152,663368,2097152
1788950752,855264,2097152,1066112,2097152
1788950754,505952,2097152,663368,2097152
1788950756,855264,2097152,1066112,2097152
1788950758,505952,2097152,663368,2097152
1788950760,505952,2097152,663368,2097152
1788950762,505952,2097152,663368,2097152
1788950764,505952,2097152,663368,2097152
1788950766,505952,2097152,663368,2097152
1788950768,505952,2097152,663368,2097152
1788950770,855264,2097152,1066112,2097152
1788950773,505952,2097152,663368,2097152
1788950775,505952,2097152,663368,2097152
1788950777,505952,2097152,663368,2097152
1788950779,855264,2097152,1066112,2097152
1788950781,855264,2097152,1066112,2097152
1788950783,505952,2097152,663368,2097152
1788950785,505952,2097152,663368,2097152
1788950787,505952,2097152,663368,2097152
1788950789,505952,2097152,663368,2097152
1788950791,505952,2097152,663368,2097152
1788950793,505952,2097152,663368,2097152
1788950795,855264,2097152,1066112,2097152
1788950797,505952,2097152,663368,2097152
1788950799,505952,2097152,663368,2097152
1788950801,505952,2097152,663368,2097152
1788950803,505952,2097152,663368,2097152
1788950805,855264,2097152,1066112,2097152
1788950807,505952,2097152,663368,2097152
1788950809,505952,2097152,663368,2097152
1788950811,505952,2097152,663368,2097152
1788950813,855264,2097152,1066112,2097152
1788950815,505952,2097152,663368,2097152
1788950817,505952,2097152,663368,2097152
1788950819,505952,2097152,663368,2097152
1788950821,505952,2097152,663368,2097152
1788950823,505952,2097152,663368,2097152
1788950825,855264,2097152,1066112,2097152
1788950827,855264,2097152,1066112,2097152
1788950829,855264,2097152,1066112,2097152
1788950831,505952,2097152,663368,2097152
1788950834,855264,2097152,1066112,2097152
1788950836,505952,2097152,663368,2097152
1788950838,505952,2097152,663368,2097152
1788950840,505952,2097152,663368,2097152
1788950842,505952,2097152,663368,2097152
1788950844,855264,2097152,1066112,2097152
1788950846,505952,2097152,663368,2097152
1788950848,505952,2097152,663368,2097152
1788950850,855264,2097152,1066112,2097152
1788950852,855264,2097152,1066112,2097152
1788950854,505952,2097152,663368,2097152
1788950856,505952,2097152,663368,2097152
1788950858,855264,2097152,1066112,2097152
1788950860,505952,2097152,663368,2097152
1788950862,505952,2097152,663368,2097152
1788950864,505952,2097152,663368,2097152
1788950866,505952,2097152,663368,2097152
1788950868,855264,2097152,1066112,2097152
1788950870,505952,2097152,663368,2097152
1788950872,505952,2097152,663368,2097152
1788950874,505952,2097152,663368,2097152
1788950876,855264,2097152,1066112,2097152
1788950878,855264,2097152,1066112,2097152
1788950880,855264,2097152,1066112,2097152
1788950882,505952,2097152,663368,2097152
1788950884,505952,2097152,663368,2097152
1788950886,505952,2097152,663368,2097152
1788950888,505952,2097152,663368,2097152
1788950890,505952,2097152,663368,2097152
1788950893,505952,2097152,663368,2097152
1788950895,505952,2097152,663368,2097152
1788950897,855264,2097152,1066112,2097152
1788950899,855264,2097152,1066112,2097152
1788950901,505952,2097152,663368,2097152
1788950903,505952,2097152,663368,2097152
1788950905,505952,2097152,663368,2097152
1788950907,505952,2097152,663368,2097152
1788950909,505952,2097152,663368,2097152
1788950911,505952,2097152,663368,2097152
1788950913,505952,2097152,663368,2097152
1788950915,505952,2097152,663368,2097152
1788950917,505952,2097152,663368,2097152
1788950919,855264,2097152,1066112,2097152
1788950921,855264,2097152,1066112,2097152
1788950923,855264,2097152,1066112,2097152
1788950925,505952,2097152,663368,2097152
1788950927,855264,2097152,1066112,2097152
1788950929,505952,2097152,663368,2097152
1788950931,855264,2097152,1066112,2097152
1788950933,505952,2097152,663368,2097152
1788950935,505952,2097152,663368,2097152
1788950937,505952,2097152,663368,2097152
1788950939,855264,2097152,1066112,2097152
1788950941,505952,2097152,663368,2097152
1788950943,505952,2097152,663368,2097152
1788950945,505952,2097152,663368,2097152
1788950947,505952,2097152,663368,2097152
1788950949,505952,2097152,663368,2097152
1788950952,505952,2097152,663368,2097152
1788950954,505952,2097152,663368,2097152
1788950956,505952,2097152,663368,2097152
1788950958,505952,2097152,663368,2097152
1788950960,505952,2097152,663368,2097152
1788950962,505952,2097152,663368,2097152
1788950964,505952,2097152,663368,2097152
1788950966,855264,2097152,1066112,2097152
1788950968,505952,2097152,663368,2097152
1788950970,505952,2097152,663368,2097152
1788950972,505952,2097152,663368,2097152
1788950974,505952,2097152,663368,2097152
1788950976,505952,2097152,663368,2097152
1788950978,505952,2097152,663368,2097152
1788950980,505952,2097152,663368,2097152
1788950982,505952,2097152,663368,2097152
1788950984,855264,2097152,1066112,2097152
1788950986,505952,2097152,663368,2097152
1788950988,505952,2097152,663368,2097152
1788950990,505952,2097152,663368,2097152
1788950992,855264,2097152,1066112,2097152
1788950994,505952,2097152,663368,2097152
1788950996,505952,2097152,663368,2097152
1788950998,505952,2097152,663368,2097152
1788951000,505952,2097152,663368,2097152
1788951002,505952,2097152,663368,2097152
1788951004,855264,2097152,1066112,2097152
1788951006,855264,2097152,1066112,2097152
1788951009,505952,2097152,663368,2097152
1788951011,505952,2097152,663368,2097152
1788951013,505952,2097152,663368,2097152
1788951015,505952,2097152,663368,2097152
1788951017,505952,2097152,663368,2097152
1788951019,855264,2097152,1066112,2097152
1788951021,505952,2097152,663368,2097152
1788951023,855264,2097152,1066112,2097152
1788951025,855264,2097152,1066112,2097152
1788951027,505952,2097152,663368,2097152
1788951029,505952,2097152,663368,2097152
1788951031,855264,2097152,1066112,2097152
1788951033,855264,2097152,1066112,2097152
1788951035,855264,2097152,1066112,2097152
1788951037,505952,2097152,663368,2097152
1788951039,505952,2097152,663368,2097152
1788951041,505952,2097152,663368,2097152
1788951043,505952,2097152,663368,2097152
1788951045,855264,2097152,1066112,2097152
1788951047,505952,2097152,663368,2097152
1788951049,855264,2097152,1066112,2097152
1788951051,505952,2097152,663368,2097152
1788951053,505952,2097152,663368,2097152
1788951055,505952,2097152,663368,2097152
1788951057,505952,2097152,663368,2097152
1788951059,505952,2097152,663368,2097152
1788951061,855264,2097152,1066112,2097152
1788951063,855264,2097152,1066112,2097152
1788951065,855264,2097152,1066112,2097152
1788951068,855264,2097152,1066112,2097152
1788951070,855264,2097152,1066112,2097152
1788951072,505952,2097152,663368,2097152
1788951074,855264,2097152,1066112,2097152
1788951076,505952,2097152,663368,2097152
1788951078,505952,2097152,663368,2097152
1788951080,855264,2097152,1066112,2097152
1788951082,855264,2097152,1066112,2097152
1788951084,505952,2097152,663368,2097152
1788951086,505952,2097152,663368,2097152
1788951088,505952,2097152,663368,2097152
1788951090,505952,2097152,663368,2097152
1788951092,505952,2097152,663368,2097152
1788951094,505952,2097152,663368,2097152
1788951096,505952,2097152,663368,2097152
1788951098,855264,2097152,1066112,2097152
1788951100,505952,2097152,663368,2097152
1788951102,505952,2097152,663368,2097152
1788951104,505952,2097152,663368,2097152
1788951106,505952,2097152,663368,2097152
1788951108,505952,2097152,663368,2097152
1788951110,505952,2097152,663368,2097152
1788951112,505952,2097152,663368,2097152
1788951114,505952,2097152,663368,2097152
1788951116,505952,2097152,663368,2097152
1788951118,855264,2097152,1066112,2097152
1788951120,505952,2097152,663368,2097152
1788951122,505952,2097152,663368,2097152
1788951124,505952,2097152,663368,2097152
1788951127,505952,2097152,663368,2097152
1788951129,505952,2097152,663368,2097152
1788951131,505952,2097152,663368,2097152
1788951133,855264,2097152,1066112,2097152
1788951135,855264,2097152,1066112,2097152
1788951137,505952,2097152,663368,2097152
1788951139,505952,2097152,663368,2097152
1788951141,505952,2097152,663368,2097152
1788951143,505952,2097152,663368,2097152
1788951145,505952,2097152,663368,2097152
1788951147,505952,2097152,663368,2097152
1788951149,505952,2097152,663368,2097152
1788951151,505952,2097152,663368,2097152
1788951153,505944,2097152,663368,2097152
1788951155,505952,2097152,663368,2097152
1788951157,855264,2097152,1066112,2097152
1788951159,505952,2097152,663368,2097152
1788951161,505952,2097152,663368,2097152
1788951163,855264,2097152,1066112,2097152
1788951165,505952,2097152,663368,2097152
1788951167,855264,2097152,1066112,2097152
1788951169,505952,2097152,663368,2097152
1788951171,855264,2097152,1066112,2097152
1788951173,505952,2097152,663368,2097152
1788951175,505952,2097152,663368,2097152
1788951177,505952,2097152,663368,2097152
1788951179,855264,2097152,1066112,2097152
1788951181,505952,2097152,663368,2097152
1788951183,505952,2097152,663368,2097152
1788951186,855264,2097152,1066112,2097152
1788951188,505952,2097152,663368,2097152
1788951190,505952,2097152,663368,2097152
1788951192,505952,2097152,663368,2097152
1788951194,505952,2097152,663368,2097152
1788951196,505952,2097152,663368,2097152
1788951198,505952,2097152,663368,2097152
1788951200,855264,2097152,1066112,2097152
1788951202,855264,2097152,1066112,2097152
1788951204,855264,2097152,1066112,2097152
1788951206,855264,2097152,1066112,2097152
1788951208,505952,2097152,663368,2097152
1788951210,505952,2097152,663368,2097152
1788951212,505952,2097152,663368,2097152
1788951214,505952,2097152,663368,2097152
1788951216,855264,2097152,1066112,2097152
1788951218,505952,2097152,663368,2097152
1788951220,505952,2097152,663368,2097152
1788951222,855264,2097152,1066112,2097152
1788951224,855264,2097152,1066112,2097152
1788951226,505952,2097152,663368,2097152
1788951228,505952,2097152,663368,2097152
1788951230,855264,2097152,1066112,2097152
1788951232,505952,2097152,663368,2097152
1788951234,505952,2097152,663368,2097152
1788951236,505952,2097152,663368,2097152
1788951238,855264,2097152,1066112,2097152
1788951240,505952,2097152,663368,2097152
1788951243,855264,2097152,1066112,2097152
1788951245,505952,2097152,663368,2097152
1788951247,855264,2097152,1066112,2097152
1788951249,505952,2097152,663368,2097152
1788951251,855264,2097152,1066112,2097152
1788951253,855264,2097152,1066112,2097152
1788951255,505952,2097152,663368,2097152
1788951257,505952,2097152,663368,2097152
1788951259,855264,2097152,1066112,2097152
1788951261,505952,2097152,663368,2097152
1788951263,505952,2097152,663368,2097152
1788951265,855264,2097152,1066112,2097152
1788951267,505952,2097152,663368,2097152
1788951269,855264,2097152,1066112,2097152
1788951271,505952,2097152,663368,2097152
1788951273,855264,2097152,1066112,2097152
1788951275,505952,2097152,663368,2097152
1788951277,505952,2097152,663368,2097152
1788951279,505952,2097152,663368,2097152
1788951281,505952,2097152,663368,2097152
1788951283,505952,2097152,663368,2097152
1788951285,855264,2097152,1066112,2097152
1788951287,505952,2097152,663368,2097152
1788951289,505952,2097152,663368,2097152
1788951291,505952,2097152,663368,2097152
1788951293,505952,2097152,663368,2097152
1788951295,855264,2097152,1066112,2097152
1788951297,505952,2097152,663368,2097152
1788951299,505952,2097152,663368,2097152
1788951302,505952,2097152,663368,2097152
1788951304,855264,2097152,1066112,2097152
1788951306,505952,2097152,663368,2097152
1788951308,505952,2097152,663368,2097152
1788951310,505952,2097152,663368,2097152
1788951312,855264,2097152,1066112,2097152
1788951314,855264,2097152,1066112,2097152
1788951316,505952,2097152,663368,2097152
1788951318,505952,2097152,663368,2097152
1788951320,855264,2097152,1066112,2097152
1788951322,505952,2097152,663368,2097152
1788951324,505952,2097152,663368,2097152
1788951326,505952,2097152,663368,2097152
1788951328,505952,2097152,663368,2097152
1788951330,505952,2097152,663368,2097152
1788951332,505952,2097152,663368,2097152
1788951334,505952,2097152,663368,2097152
1788951336,505952,2097152,663368,2097152
1788951338,505952,2097152,663368,2097152
1788951340,855264,2097152,1066112,2097152
1788951342,505952,2097152,663368,2097152
1788951344,855264,2097152,1066112,2097152
1788951346,505952,2097152,663368,2097152
1788951348,855264,2097152,1066112,2097152
1788951350,505952,2097152,663368,2097152
1788951352,505952,2097152,663368,2097152
1788951354,505952,2097152,663368,2097152
1788951356,505952,2097152,663368,2097152
1788951358,505952,2097152,663368,2097152
1788951360,505952,2097152,663368,2097152
1788951363,855264,2097152,1066112,2097152
1788951365,855264,2097152,1066112,2097152
1788951367,505952,2097152,663368,2097152
1788951369,855264,2097152,1066112,2097152
1788951371,855264,2097152,1066112,2097152
1788951373,505952,2097152,663368,2097152
1788951375,505952,2097152,663368,2097152
1788951377,505952,2097152,663368,2097152
1788951379,505952,2097152,663368,2097152
1788951381,505952,2097152,663368,2097152
1788951383,855264,2097152,1066112,2097152
1788951385,855264,2097152,1066112,2097152
1788951387,505952,2097152,663368,2097152
1788951389,855264,2097152,1066112,2097152
1788951391,505952,2097152,663368,2097152
1788951393,855264,2097152,1066112,2097152
1788951395,505952,2097152,663368,2097152
1788951397,855264,2097152,1066112,2097152
1788951399,855264,2097152,1066112,2097152
1788951401,855264,2097152,1066112,2097152
1788951403,855264,2097152,1066112,2097152
1788951405,505952,2097152,663368,2097152
1788951407,855264,2097152,1066112,2097152
1788951409,855264,2097152,1066112,2097152
1788951411,855264,2097152,1066112,2097152
1788951413,505952,2097152,663368,2097152
1788951415,505952,2097152,663368,2097152
1788951417,505952,2097152,663368,2097152
1788951419,505952,2097152,663368,2097152
1788951421,855264,2097152,1066112,2097152
1788951423,855264,2097152,1066112,2097152
1788951426,505952,2097152,663368,2097152
1788951428,505952,2097152,663368,2097152
1788951430,505952,2097152,663368,2097152
1788951432,505952,2097152,663368,2097152
1788951434,855264,2097152,1066112,2097152
1788951436,505952,2097152,663368,2097152
1788951438,855264,2097152,1066112,2097152
1788951440,505952,2097152,663368,2097152
1788951442,505952,2097152,663368,2097152
1788951444,505952,2097152,663368,2097152
1788951446,855264,2097152,1066112,2097152
1788951448,505952,2097152,663368,2097152
1788951450,855264,2097152,1066112,2097152
1788951452,855264,2097152,1066112,2097152
1788951454,855264,2097152,1066112,2097152
1788951456,855264,2097152,1066112,2097152
1788951458,855264,2097152,1066112,2097152
1788951460,855264,2097152,1066112,2097152
1788951462,855264,2097152,1066112,2097152
1788951464,505952,2097152,663368,2097152
1788951466,505952,2097152,663368,2097152
1788951468,505952,2097152,663368,2097152
1788951470,505952,2097152,663368,2097152
1788951472,855264,2097152,1066112,2097152
1788951474,505952,2097152,663368,2097152
1788951476,855264,2097152,1066112,2097152
1788951478,505952,2097152,663368,2097152
1788951480,855264,2097152,1066112,2097152
1788951482,505952,2097152,663368,2097152
1788951484,505952,2097152,663368,2097152
1788951486,505952,2097152,663368,2097152
1788951489,505952,2097152,663368,2097152
1788951491,505952,2097152,663368,2097152
1788951493,855264,2097152,1066112,2097152
1788951495,505952,2097152,663368,2097152
1788951497,505952,2097152,663368,2097152
1788951499,855264,2097152,1066112,2097152
1788951501,505952,2097152,663368,2097152
1788951503,505952,2097152,663368,2097152
1788951505,505952,2097152,663368,2097152
1788951507,505952,2097152,663368,2097152
1788951509,855264,2097152,1066112,2097152
1788951511,855264,2097152,1066112,2097152
1788951513,505952,2097152,663368,2097152
1788951515,855264,2097152,1066112,2097152
1788951517,505952,2097152,663368,2097152
1788951519,505952,2097152,663368,2097152
1788951521,505952,2097152,663368,2097152
1788951523,505952,2097152,663368,2097152
1788951525,505952,2097152,663368,2097152
1788951527,505952,2097152,663368,2097152
1788951529,855264,2097152,1066112,2097152
1788951531,505952,2097152,663368,2097152
1788951533,505952,2097152,663368,2097152
1788951535,505952,2097152,663368,2097152
1788951537,505952,2097152,663368,2097152
1788951539,855264,2097152,1066112,2097152
1788951541,855264,2097152,1066112,2097152
1788951543,855264,2097152,1066112,2097152
1788951545,855264,2097152,1066112,2097152
1788951547,505952,2097152,663368,2097152
1788951549,505952,2097152,663368,2097152
1788951552,505952,2097152,663368,2097152
1788951554,505952,2097152,663368,2097152
1788951556,505952,2097152,663368,2097152
1788951558,505952,2097152,663368,2097152
1788951560,855264,2097152,1066112,2097152
1788951562,505952,2097152,663368,2097152
1788951564,855264,2097152,1066112,2097152
1788951566,855264,2097152,1066112,2097152
1788951568,505952,2097152,663368,2097152
1788951570,505952,2097152,663368,2097152
1788951572,855264,2097152,1066112,2097152
1788951574,855264,2097152,1066112,2097152
1788951576,505952,2097152,663368,2097152
1788951578,855264,2097152,1066112,2097152
1788951580,505952,2097152,663368,2097152
1788951582,505952,2097152,663368,2097152
1788951584,505952,2097152,663368,2097152
1788951586,505952,2097152,663368,2097152
1788951588,505952,2097152,663368,2097152
1788951590,855264,2097152,1066112,2097152
1788951592,505952,2097152,663368,2097152
1788951594,505952,2097152,663368,2097152
1788951596,505952,2097152,663368,2097152
1788951598,505952,2097152,663368,2097152
1788951600,505952,2097152,663368,2097152
1788951602,505952,2097152,663368,2097152
1788951604,505952,2097152,663368,2097152
1788951606,505952,2097152,663368,2097152
1788951608,505952,2097152,663368,2097152
1788951610,505952,2097152,663368,2097152
1788951612,855264,2097152,1066112,2097152
1788951615,855264,2097152,1066112,2097152
1788951617,505952,2097152,663368,2097152
1788951619,505952,2097152,663368,2097152
1788951621,505952,2097152,663368,2097152
1788951623,505952,2097152,663368,2097152
1788951625,855264,2097152,1066112,2097152
1788951627,505952,2097152,663368,2097152
1788951629,505952,2097152,663368,2097152
1788951631,855264,2097152,1066112,2097152
1788951633,855264,2097152,1066112,2097152
1788951635,855264,2097152,1066112,2097152
1788951637,505952,2097152,663368,2097152
1788951639,505952,2097152,663368,2097152
1788951641,855264,2097152,1066112,2097152
1788951643,505952,2097152,663368,2097152
1788951645,855264,2097152,1066112,2097152
1788951647,505952,2097152,663368,2097152
1788951649,855264,2097152,1066112,2097152
1788951651,505952,2097152,663368,2097152
1788951653,855264,2097152,1066112,2097152
1788951655,505952,2097152,663368,2097152
1788951657,505952,2097152,663368,2097152
1788951659,505952,2097152,663368,2097152
1788951661,505952,2097152,663368,2097152
1788951663,855264,2097152,1066112,2097152
1788951665,505952,2097152,663368,2097152
1788951667,505952,2097152,663368,2097152
1788951669,505952,2097152,663368,2097152
1788951671,505952,2097152,663368,2097152
1788951674,855264,2097152,1066112,2097152
1788951676,505952,2097152,663368,2097152
1788951678,855264,2097152,1066112,2097152
1788951680,505952,2097152,663368,2097152
1788951682,505952,2097152,663368,2097152
1788951684,505952,2097152,663368,2097152
1788951686,505952,2097152,663368,2097152
1788951688,855264,2097152,1066112,2097152
1788951690,505952,2097152,663368,2097152
1788951692,505952,2097152,663368,2097152
1788951694,505952,2097152,663368,2097152
1788951696,505952,2097152,663368,2097152
1788951698,855264,2097152,1066112,2097152
1788951700,855264,2097152,1066112,2097152
1788951702,505952,2097152,663368,2097152
1788951704,505952,2097152,663368,2097152
1788951706,505952,2097152,663368,2097152
1788951708,505952,2097152,663368,2097152
1788951710,855264,2097152,1066112,2097152
1788951712,505952,2097152,663368,2097152
1788951714,505952,2097152,663368,2097152
1788951716,505952,2097152,663368,2097152
1788951718,505952,2097152,663368,2097152
1788951720,855264,2097152,1066112,2097152
1788951722,855264,2097152,1066112,2097152
1788951724,505952,2097152,663368,2097152
1788951726,855264,2097152,1066112,2097152
1788951728,855264,2097152,1066112,2097152
1788951731,505952,2097152,663368,2097152
1788951733,505952,2097152,663368,2097152
1788951735,505952,2097152,663368,2097152
1788951737,505952,2097152,663368,2097152
1788951739,855264,2097152,1066112,2097152
1788951741,855264,2097152,1066112,2097152
1788951743,505952,2097152,663368,2097152
1788951745,505952,2097152,663368,2097152
1788951747,505952,2097152,663368,2097152
1788951749,505952,2097152,663368,2097152
1788951751,505952,2097152,663368,2097152
1788951753,855264,2097152,1066112,2097152
1788951755,505952,2097152,663368,2097152
1788951757,855264,2097152,1066112,2097152
1788951759,505952,2097152,663368,2097152
1788951761,855264,2097152,1066112,2097152
1788951763,505952,2097152,663368,2097152
1788951765,505952,2097152,663368,2097152
1788951767,505952,2097152,663368,2097152
1788951769,505952,2097152,663368,2097152
1788951771,505952,2097152,663368,2097152
1788951773,505952,2097152,663368,2097152
1788951775,505952,2097152,663368,2097152
1788951777,505952,2097152,663368,2097152
1788951779,505952,2097152,663368,2097152
1788951781,855264,2097152,1066112,2097152
1788951783,505952,2097152,663368,2097152
1788951785,855264,2097152,1066112,2097152
1788951788,505952,2097152,663368,2097152
1788951790,505952,2097152,663368,2097152
1788951792,505952,2097152,663368,2097152
1788951794,505952,2097152,663368,2097152
1788951796,505952,2097152,663368,2097152
1788951798,505952,2097152,663368,2097152
1788951800,505952,2097152,663368,2097152
1788951802,855264,2097152,1066112,2097152
1788951804,505952,2097152,663368,2097152
1788951806,505952,2097152,663368,2097152
1788951808,505952,2097152,663368,2097152
1788951810,505952,2097152,663368,2097152
1788951812,505952,2097152,663368,2097152
1788951814,505952,2097152,663368,2097152
1788951816,855264,2097152,1066112,2097152
1788951818,505952,2097152,663368,2097152
1788951820,505952,2097152,663368,2097152
1788951822,855264,2097152,1066112,2097152
1788951824,505952,2097152,663368,2097152
1788951826,855264,2097152,1066112,2097152
1788951828,855264,2097152,1066112,2097152
1788951830,505952,2097152,663368,2097152
1788951832,505952,2097152,663368,2097152
1788951834,855264,2097152,1066112,2097152
1788951836,505952,2097152,663368,2097152
1788951838,505952,2097152,663368,2097152
1788951840,855264,2097152,1066112,2097152
1788951842,855264,2097152,1066112,2097152
1788951844,505952,2097152,663368,2097152
1788951847,505952,2097152,663368,2097152
1788951849,505952,2097152,663368,2097152
1788951851,505952,2097152,663368,2097152
1788951853,855264,2097152,1066112,2097152
1788951855,505952,2097152,663368,2097152
1788951857,505952,2097152,663368,2097152
1788951859,505952,2097152,663368,2097152
1788951861,855264,2097152,1066112,2097152
1788951863,505952,2097152,663368,2097152
1788951865,505952,2097152,663368,2097152
1788951867,505952,2097152,663368,2097152
1788951869,505952,2097152,663368,2097152
1788951871,505952,2097152,663368,2097152
1788951873,505952,2097152,663368,2097152
1788951875,505952,2097152,663368,2097152
1788951877,505952,2097152,663368,2097152
1788951879,855264,2097152,1066112,2097152
1788951881,855264,2097152,1066112,2097152
1788951883,505952,2097152,663368,2097152
1788951885,505952,2097152,663368,2097152
1788951887,855264,2097152,1066112,2097152
1788951889,855264,2097152,1066112,2097152
1788951891,505952,2097152,663368,2097152
1788951893,505952,2097152,663368,2097152
1788951895,505952,2097152,663368,2097152
1788951897,505952,2097152,663368,2097152
1788951899,505952,2097152,663368,2097152
1788951901,505952,2097152,663368,2097152
1788951903,855264,2097152,1066112,2097152
1788951905,855264,2097152,1066112,2097152
1788951908,505952,2097152,663368,2097152
1788951910,505952,2097152,663368,2097152
1788951912,505952,2097152,663368,2097152
1788951914,505952,2097152,663368,2097152
1788951916,505952,2097152,663368,2097152
1788951918,855264,2097152,1066112,2097152
1788951920,505952,2097152,663368,2097152
1788951922,505952,2097152,663368,2097152
1788951924,505952,2097152,663368,2097152
1788951926,505952,2097152,663368,2097152
1788951928,505952,2097152,663368,2097152
1788951930,505952,2097152,663368,2097152
1788951932,505952,2097152,663368,2097152
1788951934,505952,2097152,663368,2097152
1788951936,505952,2097152,663368,2097152
1788951938,505952,2097152,663368,2097152
1788951940,505952,2097152,663368,2097152
1788951942,505952,2097152,663368,2097152
1788951944,505952,2097152,663368,2097152
1788951946,855264,2097152,1066112,2097152
1788951948,855264,2097152,1066112,2097152
1788951950,855264,2097152,1066112,2097152
1788951952,505944,2097152,663368,2097152
1788951954,505952,2097152,663368,2097152
1788951956,505952,2097152,663368,2097152
1788951958,855264,2097152,1066112,2097152
1788951960,505952,2097152,663368,2097152
1788951962,505952,2097152,663368,2097152
1788951965,505952,2097152,663368,2097152
1788951967,855264,2097152,1066112,2097152
1788951969,855264,2097152,1066112,2097152
1788951971,505952,2097152,663368,2097152
1788951973,505952,2097152,663368,2097152
1788951975,505952,2097152,663368,2097152
1788951977,855264,2097152,1066112,2097152
1788951979,855264,2097152,1066112,2097152
1788951981,505952,2097152,663368,2097152
1788951983,505952,2097152,663368,2097152
1788951985,505952,2097152,663368,2097152
1788951987,505952,2097152,663368,2097152
1788951989,505952,2097152,663368,2097152
1788951991,505952,2097152,663368,2097152
1788951993,855264,2097152,1066112,2097152
1788951995,505952,2097152,663368,2097152
1788951997,505952,2097152,663368,2097152
1788951999,505952,2097152,663368,2097152
1788952001,505952,2097152,663368,2097152
1788952003,505952,2097152,663368,2097152
1788952005,505952,2097152,663368,2097152
1788952007,855264,2097152,1066112,2097152
1788952009,505952,2097152,663368,2097152
1788952011,505952,2097152,663368,2097152
1788952013,505952,2097152,663368,2097152
1788952015,505952,2097152,663368,2097152
1788952017,505952,2097152,663368,2097152
1788952019,855264,2097152,1066112,2097152
1788952021,505952,2097152,663368,2097152
1788952023,855264,2097152,1066112,2097152
1788952026,855264,2097152,1066112,2097152
1788952028,505952,2097152,663368,2097152
1788952030,505952,2097152,663368,2097152
1788952032,855264,2097152,1066112,2097152
1788952034,505952,2097152,663368,2097152
1788952036,505952,2097152,663368,2097152
1788952038,505952,2097152,663368,2097152
1788952040,505952,2097152,663368,2097152
1788952042,505952,2097152,663368,2097152
1788952044,505952,2097152,663368,2097152
1788952046,855264,2097152,1066112,2097152
1788952048,505952,2097152,663368,2097152
1788952050,855264,2097152,1066112,2097152
1788952052,505952,2097152,663368,2097152
1788952054,505952,2097152,663368,2097152
1788952056,505952,2097152,663368,2097152
1788952058,505952,2097152,663368,2097152
1788952060,505952,2097152,663368,2097152
1788952062,855264,2097152,1066112,2097152
1788952064,505952,2097152,663368,2097152
1788952066,855264,2097152,1066112,2097152
1788952068,505952,2097152,663368,2097152
1788952070,855264,2097152,1066112,2097152
1788952072,505952,2097152,663368,2097152
1788952074,505952,2097152,663368,2097152
1788952076,855264,2097152,1066112,2097152
1788952078,855264,2097152,1066112,2097152
1788952080,505952,2097152,663368,2097152
1788952082,505952,2097152,663368,2097152
1788952085,855264,2097152,1066112,2097152
1788952087,855264,2097152,1066112,2097152
1788952089,505952,2097152,663368,2097152
1788952091,855264,2097152,1066112,2097152
1788952093,855264,2097152,1066112,2097152
1788952095,505952,2097152,663368,2097152
1788952097,505952,2097152,663368,2097152
1788952099,855264,2097152,1066112,2097152
1788952101,505952,2097152,663368,2097152
1788952103,505952,2097152,663368,2097152
1788952105,855264,2097152,1066112,2097152
1788952107,855264,2097152,1066112,2097152
1788952109,855264,2097152,1066112,2097152
1788952111,505952,2097152,663368,2097152
1788952113,505952,2097152,663368,2097152
1788952115,505952,2097152,663368,2097152
1788952117,505952,2097152,663368,2097152
1788952119,505952,2097152,663368,2097152
1788952121,505952,2097152,663368,2097152
1788952123,505952,2097152,663368,2097152
1788952125,505952,2097152,663368,2097152
1788952127,505952,2097152,663368,2097152
1788952129,855264,2097152,1066112,2097152
1788952131,505952,2097152,663368,2097152
1788952133,505952,2097152,663368,2097152
1788952135,505952,2097152,663368,2097152
1788952137,505952,2097152,663368,2097152
1788952139,855264,2097152,1066112,2097152
1788952142,855264,2097152,1066112,2097152
1788952144,505952,2097152,663368,2097152
1788952146,855264,2097152,1066112,2097152
1788952148,855264,2097152,1066112,2097152
1788952150,505952,2097152,663368,2097152
1788952152,505952,2097152,663368,2097152
1788952154,855264,2097152,1066112,2097152
1788952156,505952,2097152,663368,2097152
1788952158,855264,2097152,1066112,2097152
1788952160,855264,2097152,1066112,2097152
1788952162,505952,2097152,663368,2097152
1788952164,505952,2097152,663368,2097152
1788952166,505952,2097152,663368,2097152
1788952168,855264,2097152,1066112,2097152
1788952170,855264,2097152,1066112,2097152
1788952172,505952,2097152,663368,2097152
1788952174,505952,2097152,663368,2097152
1788952176,855264,2097152,1066112,2097152
1788952178,505952,2097152,663368,2097152
1788952180,505952,2097152,663368,2097152
1788952182,505952,2097152,663368,2097152
1788952184,505952,2097152,663368,2097152
1788952186,505952,2097152,663368,2097152
1788952188,855264,2097152,1066112,2097152
1788952190,505952,2097152,663368,2097152
1788952192,855264,2097152,1066112,2097152
1788952194,855264,2097152,1066112,2097152
1788952196,855264,2097152,1066112,2097152
1788952198,855264,2097152,1066112,2097152
1788952201,855264,2097152,1066112,2097152
1788952203,505952,2097152,663368,2097152
1788952205,505952,2097152,663368,2097152
1788952207,855264,2097152,1066112,2097152
1788952209,855264,2097152,1066112,2097152
1788952211,505952,2097152,663368,2097152
1788952213,505952,2097152,663368,2097152
1788952215,505952,2097152,663368,2097152
1788952217,855264,2097152,1066112,2097152
1788952219,855264,2097152,1066112,2097152
1788952221,505952,2097152,663368,2097152
1788952223,505952,2097152,663368,2097152
1788952225,505952,2097152,663368,2097152
1788952227,505952,2097152,663368,2097152
1788952229,505952,2097152,663368,2097152
1788952231,505952,2097152,663368,2097152
1788952233,855264,2097152,1066112,2097152
1788952235,505952,2097152,663368,2097152
1788952237,855264,2097152,1066112,2097152
1788952239,505952,2097152,663368,2097152
1788952241,505952,2097152,663368,2097152
1788952243,505952,2097152,663368,2097152
1788952245,505952,2097152,663368,2097152
1788952247,505952,2097152,663368,2097152
1788952249,505952,2097152,663368,2097152
1788952251,505952,2097152,663368,2097152
1788952253,505952,2097152,663368,2097152
1788952256,505952,2097152,663368,2097152
1788952258,505952,2097152,663368,2097152
1788952260,505952,2097152,663368,2097152
1788952262,855264,2097152,1066112,2097152
1788952264,505952,2097152,663368,2097152
1788952266,505952,2097152,663368,2097152
1788952268,505952,2097152,663368,2097152
1788952270,505952,2097152,663368,2097152
1788952272,855264,2097152,1066112,2097152
1788952274,505952,2097152,663368,2097152
1788952276,505952,2097152,663368,2097152
1788952278,505952,2097152,663368,2097152
1788952280,505952,2097152,663368,2097152
1788952282,505952,2097152,663368,2097152
1788952284,505952,2097152,663368,2097152
1788952286,505952,2097152,663368,2097152
1788952288,505952,2097152,663368,2097152
1788952290,505952,2097152,663368,2097152
1788952292,505952,2097152,663368,2097152
1788952294,505952,2097152,663368,2097152
1788952296,505952,2097152,663368,2097152
1788952298,505952,2097152,663368,2097152
1788952300,505952,2097152,663368,2097152
1788952302,855264,2097152,1066112,2097152
1788952304,855264,2097152,1066112,2097152
1788952306,855264,2097152,1066112,2097152
1788952308,855264,2097152,1066112,2097152
1788952310,505952,2097152,663368,2097152
1788952312,855264,2097152,1066112,2097152
1788952315,505952,2097152,663368,2097152
1788952317,505952,2097152,663368,2097152
1788952319,505944,2097152,663368,2097152
1788952321,505952,2097152,663368,2097152
1788952323,855264,2097152,1066112,2097152
1788952325,505952,2097152,663368,2097152
1788952327,505952,2097152,663368,2097152
1788952329,505952,2097152,663368,2097152
1788952331,505952,2097152,663368,2097152
1788952333,505952,2097152,663368,2097152
1788952335,505952,2097152,663368,2097152
1788952337,505952,2097152,663368,2097152
1788952339,855264,2097152,1066112,2097152
1788952341,505952,2097152,663368,2097152
1788952343,855264,2097152,1066112,2097152
1788952345,855264,2097152,1066112,2097152
1788952347,505952,2097152,663368,2097152
1788952349,855264,2097152,1066112,2097152
1788952351,505952,2097152,663368,2097152
1788952353,505952,2097152,663368,2097152
1788952355,505952,2097152,663368,2097152
1788952357,505952,2097152,663368,2097152
1788952359,505952,2097152,663368,2097152
1788952361,505952,2097152,663368,2097152
1788952363,505952,2097152,663368,2097152
1788952365,855264,2097152,1066112,2097152
1788952367,505952,2097152,663368,2097152
1788952369,505952,2097152,663368,2097152
1788952371,505952,2097152,663368,2097152
1788952374,505952,2097152,663368,2097152
1788952376,855264,2097152,1066112,2097152
1788952378,855264,2097152,1066112,2097152
1788952380,505952,2097152,663368,2097152
1788952382,505952,2097152,663368,2097152
1788952384,505952,2097152,663368,2097152
1788952386,855264,2097152,1066112,2097152
1788952388,505952,2097152,663368,2097152
1788952390,505952,2097152,663368,2097152
1788952392,505952,2097152,663368,2097152
1788952394,505952,2097152,663368,2097152
1788952396,505952,2097152,663368,2097152
1788952398,505952,2097152,663368,2097152
1788952400,505952,2097152,663368,2097152
1788952402,855264,2097152,1066112,2097152
1788952404,505952,2097152,663368,2097152
1788952406,505952,2097152,663368,2097152
1788952408,505952,2097152,663368,2097152
1788952410,505952,2097152,663368,2097152
1788952412,505952,2097152,663368,2097152
1788952414,505952,2097152,663368,2097152
1788952416,505952,2097152,663368,2097152
1788952418,855264,2097152,1066112,2097152
1788952420,505952,2097152,663368,2097152
1788952422,855264,2097152,1066112,2097152
1788952424,855264,2097152,1066112,2097152
1788952426,855264,2097152,1066112,2097152
1788952428,505952,2097152,663368,2097152
1788952430,505952,2097152,663368,2097152
1788952433,505952,2097152,663368,2097152
1788952435,855264,2097152,1066112,2097152
1788952437,505952,2097152,663368,2097152
1788952439,505952,2097152,663368,2097152
1788952441,505952,2097152,663368,2097152
1788952443,505952,2097152,663368,2097152
1788952445,505952,2097152,663368,2097152
1788952447,505952,2097152,663368,2097152
1788952449,855264,2097152,1066112,2097152
1788952451,505952,2097152,663368,2097152
1788952453,505952,2097152,663368,2097152
1788952455,505952,2097152,663368,2097152
1788952457,505952,2097152,663368,2097152
1788952459,505952,2097152,663368,2097152
1788952461,505952,2097152,663368,2097152
1788952463,855264,2097152,1066112,2097152
1788952465,855264,2097152,1066112,2097152
1788952467,505952,2097152,663368,2097152
1788952469,855264,2097152,1066112,2097152
1788952471,855264,2097152,1066112,2097152
1788952473,855264,2097152,1066112,2097152
1788952475,505952,2097152,663368,2097152
1788952477,505952,2097152,663368,2097152
1788952479,505952,2097152,663368,2097152
1788952481,505952,2097152,663368,2097152
1788952483,505952,2097152,663368,2097152
1788952485,855264,2097152,1066112,2097152
1788952487,505952,2097152,663368,2097152
1788952489,505952,2097152,663368,2097152
1788952492,505952,2097152,663368,2097152
1788952494,505952,2097152,663368,2097152
1788952496,505952,2097152,663368,2097152
1788952498,505952,2097152,663368,2097152
1788952500,505952,2097152,663368,2097152
1788952502,855264,2097152,1066112,2097152
1788952504,505952,2097152,663368,2097152
1788952506,855264,2097152,1066112,2097152
1788952508,505952,2097152,663368,2097152
1788952510,505952,2097152,663368,2097152
1788952512,505952,2097152,663368,2097152
1788952514,505952,2097152,663368,2097152
1788952516,855264,2097152,1066112,2097152
1788952518,505952,2097152,663368,2097152
1788952520,855264,2097152,1066112,2097152
1788952522,505952,2097152,663368,2097152
1788952524,505952,2097152,663368,2097152
1788952526,505952,2097152,663368,2097152
1788952528,505952,2097152,663368,2097152
1788952530,505952,2097152,663368,2097152
1788952532,505952,2097152,663368,2097152
1788952534,855264,2097152,1066112,2097152
1788952536,505952,2097152,663368,2097152
1788952538,505952,2097152,663368,2097152
1788952540,855264,2097152,1066112,2097152
1788952542,505952,2097152,663368,2097152
1788952544,855264,2097152,1066112,2097152
1788952546,855264,2097152,1066112,2097152
1788952548,505952,2097152,663368,2097152
1788952551,505952,2097152,663368,2097152
1788952553,505952,2097152,663368,2097152
1788952555,505952,2097152,663368,2097152
1788952557,855264,2097152,1066112,2097152
1788952559,505952,2097152,663368,2097152
1788952561,855264,2097152,1066112,2097152
1788952563,505952,2097152,663368,2097152
1788952565,855264,2097152,1066112,2097152
1788952567,855264,2097152,1066112,2097152
1788952569,505952,2097152,663368,2097152
1788952571,505952,2097152,663368,2097152
1788952573,855264,2097152,1066112,2097152
1788952575,505952,2097152,663368,2097152
1788952577,505952,2097152,663368,2097152
1788952579,505952,2097152,663368,2097152
1788952581,505952,2097152,663368,2097152
1788952583,855264,2097152,1066112,2097152
1788952585,505952,2097152,663368,2097152
1788952587,505952,2097152,663368,2097152
1788952589,855264,2097152,1066112,2097152
1788952591,855264,2097152,1066112,2097152
1788952593,505952,2097152,663368,2097152
1788952595,505952,2097152,663368,2097152
1788952597,505952,2097152,663368,2097152
1788952599,505952,2097152,663368,2097152
1788952602,505952,2097152,663368,2097152
1788952604,505952,2097152,663368,2097152
1788952606,855264,2097152,1066112,2097152
1788952608,855264,2097152,1066112,2097152
1788952610,505952,2097152,663368,2097152
1788952612,505952,2097152,663368,2097152
1788952614,855264,2097152,1066112,2097152
1788952616,505952,2097152,663368,2097152
1788952618,505952,2097152,663368,2097152
1788952620,855264,2097152,1066112,2097152
1788952622,505952,2097152,663368,2097152
1788952624,505952,2097152,663368,2097152
1788952626,505952,2097152,663368,2097152
1788952628,505952,2097152,663368,2097152
1788952630,505952,2097152,663368,2097152
1788952632,505952,2097152,663368,2097152
1788952634,505952,2097152,663368,2097152
1788952637,505952,2097152,663368,2097152
1788952639,505952,2097152,663368,2097152
1788952641,505952,2097152,663368,2097152
1788952643,505952,2097152,663368,2097152
1788952645,855264,2097152,1066112,2097152
1788952647,505952,2097152,663368,2097152
1788952649,855264,2097152,1066112,2097152
1788952651,855264,2097152,1066112,2097152
1788952653,855264,2097152,1066112,2097152
1788952655,505952,2097152,663368,2097152
1788952657,855264,2097152,1066112,2097152
1788952659,505952,2097152,663368,2097152
1788952661,855264,2097152,1066112,2097152
1788952663,505952,2097152,663368,2097152
1788952665,505952,2097152,663368,2097152
1788952667,505952,2097152,663368,2097152
1788952669,505952,2097152,663368,2097152
1788952671,505952,2097152,663368,2097152
1788952673,505952,2097152,663368,2097152
1788952676,855264,2097152,1066112,2097152
1788952678,505952,2097152,663368,2097152
1788952680,505952,2097152,663368,2097152
1788952682,855264,2097152,1066112,2097152
1788952684,505952,2097152,663368,2097152
1788952686,505952,2097152,663368,2097152
1788952688,855264,2097152,1066112,2097152
1788952690,505952,2097152,663368,2097152
1788952692,505952,2097152,663368,2097152
1788952694,505952,2097152,663368,2097152
1788952696,505952,2097152,663368,2097152
1788952698,505952,2097152,663368,2097152
1788952700,505952,2097152,663368,2097152
1788952702,505952,2097152,663368,2097152
1788952704,505952,2097152,663368,2097152
1788952706,855264,2097152,1066112,2097152
1788952708,855264,2097152,1066112,2097152
1788952710,505952,2097152,663368,2097152
1788952712,505952,2097152,663368,2097152
1788952714,505952,2097152,663368,2097152
1788952716,855264,2097152,1066112,2097152
1788952718,505952,2097152,663368,2097152
1788952720,855264,2097152,1066112,2097152
1788952722,855264,2097152,1066112,2097152
1788952725,505952,2097152,663368,2097152
1788952727,505952,2097152,663368,2097152
1788952729,855264,2097152,1066112,2097152
1788952731,505952,2097152,663368,2097152
1788952733,505952,2097152,663368,2097152
1788952735,505952,2097152,663368,2097152
1788952737,505952,2097152,663368,2097152
1788952739,855264,2097152,1066112,2097152
1788952741,505952,2097152,663368,2097152
1788952743,505952,2097152,663368,2097152
1788952745,855264,2097152,1066112,2097152
1788952747,855264,2097152,1066112,2097152
1788952749,855264,2097152,1066112,2097152
1788952751,855264,2097152,1066112,2097152
1788952753,505952,2097152,663368,2097152
1788952755,505952,2097152,663368,2097152
1788952757,505952,2097152,663368,2097152
1788952759,505952,2097152,663368,2097152
1788952762,505952,2097152,663368,2097152
1788952764,505952,2097152,663368,2097152
1788952766,855264,2097152,1066112,2097152
1788952768,505952,2097152,663368,2097152
1788952770,505952,2097152,663368,2097152
1788952772,505952,2097152,663368,2097152
1788952774,505952,2097152,663368,2097152
1788952776,505952,2097152,663368,2097152
1788952778,855264,2097152,1066112,2097152
1788952780,855264,2097152,1066112,2097152
1788952782,505952,2097152,663368,2097152
1788952784,505952,2097152,663368,2097152
1788952786,505952,2097152,663368,2097152
1788952788,505952,2097152,663368,2097152
1788952790,855264,2097152,1066112,2097152
1788952792,855264,2097152,1066112,2097152
1788952794,505952,2097152,663368,2097152
1788952796,505952,2097152,663368,2097152
1788952798,505952,2097152,663368,2097152
1788952800,505952,2097152,663368,2097152
1788952803,505952,2097152,663368,2097152
1788952805,505952,2097152,663368,2097152
1788952807,505952,2097152,663368,2097152
1788952809,505952,2097152,663368,2097152
1788952811,505952,2097152,663368,2097152
1788952813,505952,2097152,663368,2097152
1788952815,505952,2097152,663368,2097152
1788952817,505952,2097152,663368,2097152
1788952819,855264,2097152,1066112,2097152
1788952821,855264,2097152,1066112,2097152
1788952823,505952,2097152,663368,2097152
1788952825,505952,2097152,663368,2097152
1788952827,505952,2097152,663368,2097152
1788952829,505952,2097152,663368,2097152
1788952831,505952,2097152,663368,2097152
1788952833,505952,2097152,663368,2097152
1788952835,505952,2097152,663368,2097152
1788952837,505952,2097152,663368,2097152
1788952839,505952,2097152,663368,2097152
1788952841,505952,2097152,663368,2097152
1788952843,855264,2097152,1066112,2097152
1788952845,505952,2097152,663368,2097152
1788952847,505952,2097152,663368,2097152
1788952850,505952,2097152,663368,2097152
1788952852,855264,2097152,1066112,2097152
1788952854,505952,2097152,663368,2097152
1788952856,505952,2097152,663368,2097152
1788952858,505952,2097152,663368,2097152
1788952860,855264,2097152,1066112,2097152
1788952862,505952,2097152,663368,2097152
1788952864,505952,2097152,663368,2097152
1788952866,855264,2097152,1066112,2097152
1788952868,505952,2097152,663368,2097152
1788952870,855264,2097152,1066112,2097152
1788952872,855264,2097152,1066112,2097152
1788952874,855264,2097152,1066112,2097152
1788952877,505952,2097152,663368,2097152
1788952879,505952,2097152,663368,2097152
1788952881,505952,2097152,663368,2097152
1788952883,505952,2097152,663368,2097152
1788952885,505952,2097152,663368,2097152
1788952887,505952,2097152,663368,2097152
1788952889,505952,2097152,663368,2097152
1788952891,505952,2097152,663368,2097152
1788952893,855264,2097152,1066112,2097152
1788952895,505952,2097152,663368,2097152
1788952897,505952,2097152,663368,2097152
1788952899,855264,2097152,1066112,2097152
1788952901,505952,2097152,663368,2097152
1788952903,505952,2097152,663368,2097152
1788952905,855264,2097152,1066112,2097152
1788952907,855264,2097152,1066112,2097152
1788952909,505952,2097152,663368,2097152
1788952911,855264,2097152,1066112,2097152
1788952913,855264,2097152,1066112,2097152
1788952915,855264,2097152,1066112,2097152
1788952917,505952,2097152,663368,2097152
1788952919,505952,2097152,663368,2097152
1788952921,505952,2097152,663368,2097152
1788952923,855264,2097152,1066112,2097152
1788952926,505952,2097152,663368,2097152
1788952928,505952,2097152,663368,2097152
1788952930,505952,2097152,663368,2097152
1788952932,505952,2097152,663368,2097152
1788952934,855264,2097152,1066112,2097152
1788952936,505952,2097152,663368,2097152
1788952938,505952,2097152,663368,2097152
1788952940,505952,2097152,663368,2097152
1788952942,505952,2097152,663368,2097152
1788952944,505952,2097152,663368,2097152
1788952946,855264,2097152,1066112,2097152
1788952948,505952,2097152,663368,2097152
1788952950,855264,2097152,1066112,2097152
1788952952,505952,2097152,663368,2097152
1788952954,855264,2097152,1066112,2097152
1788952956,855264,2097152,1066112,2097152
1788952958,855264,2097152,1066112,2097152
1788952960,505952,2097152,663368,2097152
1788952962,505952,2097152,663368,2097152
1788952964,855264,2097152,1066112,2097152
1788952966,505952,2097152,663368,2097152
1788952968,505952,2097152,663368,2097152
1788952970,505952,2097152,663368,2097152
1788952972,505952,2097152,663368,2097152
1788952974,505952,2097152,663368,2097152
1788952976,505952,2097152,663368,2097152
1788952978,505952,2097152,663368,2097152
1788952980,505952,2097152,663368,2097152
1788952983,855264,2097152,1066112,2097152
1788952985,505952,2097152,663368,2097152
1788952987,505952,2097152,663368,2097152
1788952989,505952,2097152,663368,2097152
1788952991,505952,2097152,663368,2097152
1788952993,505952,2097152,663368,2097152
1788952995,855264,2097152,1066112,2097152
1788952997,855264,2097152,1066112,2097152
1788952999,505952,2097152,663368,2097152
1788953001,505952,2097152,663368,2097152
1788953003,505952,2097152,663368,2097152
1788953005,855264,2097152,1066112,2097152
1788953007,855264,2097152,1066112,2097152
1788953009,855264,2097152,1066112,2097152
1788953011,505952,2097152,663368,2097152
1788953013,855264,2097152,1066112,2097152
1788953015,855264,2097152,1066112,2097152
1788953017,855264,2097152,1066112,2097152
1788953019,855264,2097152,1066112,2097152
1788953021,505952,2097152,663368,2097152
1788953023,505952,2097152,663368,2097152
1788953025,855264,2097152,1066112,2097152
1788953027,505952,2097152,663368,2097152
1788953029,855264,2097152,1066112,2097152
1788953031,505952,2097152,663368,2097152
1788953033,855264,2097152,1066112,2097152
1788953035,855264,2097152,1066112,2097152
1788953037,855264,2097152,1066112,2097152
1788953040,855264,2097152,1066112,2097152
1788953042,505952,2097152,663368,2097152
1788953044,505952,2097152,663368,2097152
1788953046,505952,2097152,663368,2097152
1788953048,505952,2097152,663368,2097152
1788953050,855264,2097152,1066112,2097152
1788953052,505952,2097152,663368,2097152
1788953054,855264,2097152,1066112,2097152
1788953056,505952,2097152,663368,2097152
1788953058,855264,2097152,1066112,2097152
1788953060,855264,2097152,1066112,2097152
1788953062,855264,2097152,1066112,2097152
1788953064,505952,2097152,663368,2097152
1788953066,505952,2097152,663368,2097152
1788953068,505952,2097152,663368,2097152
1788953070,505952,2097152,663368,2097152
1788953072,505952,2097152,663368,2097152
1788953074,505952,2097152,663368,2097152
1788953076,505952,2097152,663368,2097152
1788953078,505952,2097152,663368,2097152
1788953080,505952,2097152,663368,2097152
1788953082,505952,2097152,663368,2097152
1788953084,505952,2097152,663368,2097152
1788953086,855264,2097152,1066112,2097152
1788953088,505952,2097152,663368,2097152
1788953090,505952,2097152,663368,2097152
1788953092,505952,2097152,663368,2097152
1788953094,505952,2097152,663368,2097152
1788953096,505952,2097152,663368,2097152
1788953099,505952,2097152,663368,2097152
1788953101,505952,2097152,663368,2097152
1788953103,855264,2097152,1066112,2097152
1788953105,855264,2097152,1066112,2097152
1788953107,505952,2097152,663368,2097152
1788953109,855264,2097152,1066112,2097152
1788953111,855264,2097152,1066112,2097152
1788953113,505952,2097152,663368,2097152
1788953115,505952,2097152,663368,2097152
1788953117,505952,2097152,663368,2097152
1788953119,505952,2097152,663368,2097152
1788953121,855264,2097152,1066112,2097152
1788953123,505952,2097152,663368,2097152
1788953125,855264,2097152,1066112,2097152
1788953127,505952,2097152,663368,2097152
1788953129,505952,2097152,663368,2097152
1788953131,505952,2097152,663368,2097152
1788953133,505952,2097152,663368,2097152
1788953135,855264,2097152,1066112,2097152
1788953137,505952,2097152,663368,2097152
1788953139,505952,2097152,663368,2097152
1788953141,505952,2097152,663368,2097152
1788953143,505952,2097152,663368,2097152
1788953145,505952,2097152,663368,2097152
1788953147,855264,2097152,1066112,2097152
1788953149,505952,2097152,663368,2097152
1788953151,505952,2097152,663368,2097152
1788953153,505952,2097152,663368,2097152
1788953155,505952,2097152,663368,2097152
1788953158,505952,2097152,663368,2097152
1788953160,505952,2097152,663368,2097152
1788953162,505952,2097152,663368,2097152
1788953164,505952,2097152,663368,2097152
1788953166,505952,2097152,663368,2097152
1788953168,505952,2097152,663368,2097152
1788953170,855264,2097152,1066112,2097152
1788953172,855264,2097152,1066112,2097152
1788953174,505952,2097152,663368,2097152
1788953176,505952,2097152,663368,2097152
1788953178,855264,2097152,1066112,2097152
1788953180,505952,2097152,663368,2097152
1788953182,855264,2097152,1066112,2097152
1788953184,505952,2097152,663368,2097152
1788953186,855264,2097152,1066112,2097152
1788953188,855264,2097152,1066112,2097152
1788953190,505952,2097152,663368,2097152
1788953192,505952,2097152,663368,2097152
1788953194,855264,2097152,1066112,2097152
1788953196,505952,2097152,663368,2097152
1788953198,505952,2097152,663368,2097152
1788953200,505952,2097152,663368,2097152
1788953202,855264,2097152,1066112,2097152
1788953204,855264,2097152,1066112,2097152
1788953206,505952,2097152,663368,2097152
1788953208,505952,2097152,663368,2097152
1788953210,855264,2097152,1066112,2097152
1788953213,855264,2097152,1066112,2097152
1788953215,505952,2097152,663368,2097152
1788953217,505952,2097152,663368,2097152
1788953219,855264,2097152,1066112,2097152
1788953221,505952,2097152,663368,2097152
1788953223,505952,2097152,663368,2097152
1788953225,855264,2097152,1066112,2097152
1788953227,855264,2097152,1066112,2097152
1788953229,505952,2097152,663368,2097152
1788953231,855264,2097152,1066112,2097152
1788953233,505952,2097152,663368,2097152
1788953235,505952,2097152,663368,2097152
1788953237,505952,2097152,663368,2097152
1788953239,505952,2097152,663368,2097152
1788953241,505952,2097152,663368,2097152
1788953243,505952,2097152,663368,2097152
1788953245,855264,2097152,1066112,2097152
1788953247,505952,2097152,663368,2097152
1788953249,505952,2097152,663368,2097152
1788953251,505952,2097152,663368,2097152
1788953253,505952,2097152,663368,2097152
1788953255,855264,2097152,1066112,2097152
1788953257,505952,2097152,663368,2097152
1788953259,855264,2097152,1066112,2097152
1788953261,505952,2097152,663368,2097152
1788953263,505952,2097152,663368,2097152
1788953265,855264,2097152,1066112,2097152
1788953267,505952,2097152,663368,2097152
1788953269,855264,2097152,1066112,2097152
1788953271,505952,2097152,663368,2097152
1788953274,505952,2097152,663368,2097152
1788953276,505952,2097152,663368,2097152
1788953278,505952,2097152,663368,2097152
1788953280,505952,2097152,663368,2097152
1788953282,855264,2097152,1066112,2097152
1788953284,505952,2097152,663368,2097152
1788953286,505952,2097152,663368,2097152
1788953288,505952,2097152,663368,2097152
1788953290,855264,2097152,1066112,2097152
1788953292,855264,2097152,1066112,2097152
1788953294,505952,2097152,663368,2097152
1788953296,855264,2097152,1066112,2097152
1788953298,855264,2097152,1066112,2097152
1788953300,855264,2097152,1066112,2097152
1788953302,855264,2097152,1066112,2097152
1788953304,855264,2097152,1066112,2097152
1788953306,855264,2097152,1066112,2097152
1788953308,505952,2097152,663368,2097152
1788953310,855264,2097152,1066112,2097152
1788953312,505952,2097152,663368,2097152
1788953314,855264,2097152,1066112,2097152
1788953316,505952,2097152,663368,2097152
1788953318,505952,2097152,663368,2097152
1788953320,855264,2097152,1066112,2097152
1788953322,505952,2097152,663368,2097152
1788953324,505952,2097152,663368,2097152
1788953326,505952,2097152,663368,2097152
1788953328,855264,2097152,1066112,2097152
1788953331,505952,2097152,663368,2097152
1788953333,505952,2097152,663368,2097152
1788953335,855264,2097152,1066112,2097152
1788953337,505952,2097152,663368,2097152
1788953339,505952,2097152,663368,2097152
1788953341,505952,2097152,663368,2097152
1788953343,505952,2097152,663368,2097152
1788953345,505952,2097152,663368,2097152
1788953347,505952,2097152,663368,2097152
1788953349,505952,2097152,663368,2097152
1788953351,855264,2097152,1066112,2097152
1788953353,505944,2097152,663368,2097152
1788953355,505952,2097152,663368,2097152
1788953357,505952,2097152,663368,2097152
1788953359,505952,2097152,663368,2097152
1788953361,855264,2097152,1066112,2097152
1788953363,855264,2097152,1066112,2097152
1788953365,505952,2097152,663368,2097152
1788953367,505952,2097152,663368,2097152
1788953369,505952,2097152,663368,2097152
1788953371,855264,2097152,1066112,2097152
1788953373,855264,2097152,1066112,2097152
1788953375,505952,2097152,663368,2097152
1788953377,505952,2097152,663368,2097152
1788953379,505952,2097152,663368,2097152
1788953381,505952,2097152,663368,2097152
1788953383,505952,2097152,663368,2097152
1788953385,855264,2097152,1066112,2097152
1788953387,855264,2097152,1066112,2097152
1788953389,505952,2097152,663368,2097152
1788953392,505952,2097152,663368,2097152
1788953394,505952,2097152,663368,2097152
1788953396,855264,2097152,1066112,2097152
1788953398,855264,2097152,1066112,2097152
1788953400,505952,2097152,663368,2097152
1788953402,505952,2097152,663368,2097152
1788953404,505952,2097152,663368,2097152
1788953406,505952,2097152,663368,2097152
1788953408,505952,2097152,663368,2097152
1788953410,505952,2097152,663368,2097152
1788953412,505952,2097152,663368,2097152
1788953414,505952,2097152,663368,2097152
1788953416,505952,2097152,663368,2097152
1788953418,855264,2097152,1066112,2097152
1788953420,855264,2097152,1066112,2097152
1788953422,505952,2097152,663368,2097152
1788953424,855264,2097152,1066112,2097152
1788953426,505952,2097152,663368,2097152
1788953428,855264,2097152,1066112,2097152
1788953430,505952,2097152,663368,2097152
1788953432,505952,2097152,663368,2097152
1788953434,505952,2097152,663368,2097152
1788953436,505952,2097152,663368,2097152
1788953438,505952,2097152,663368,2097152
1788953440,505952,2097152,663368,2097152
1788953442,505952,2097152,663368,2097152
1788953444,505952,2097152,663368,2097152
1788953446,505952,2097152,663368,2097152
1788953449,505952,2097152,663368,2097152
1788953451,855264,2097152,1066112,2097152
1788953453,505952,2097152,663368,2097152
1788953455,505952,2097152,663368,2097152
1788953457,505952,2097152,663368,2097152
1788953459,505952,2097152,663368,2097152
1788953461,505952,2097152,663368,2097152
1788953463,855264,2097152,1066112,2097152
1788953465,855264,2097152,1066112,2097152
1788953467,855264,2097152,1066112,2097152
1788953469,505952,2097152,663368,2097152
1788953471,855264,2097152,1066112,2097152
1788953473,505952,2097152,663368,2097152
1788953475,855264,2097152,1066112,2097152
1788953477,505952,2097152,663368,2097152
1788953479,855264,2097152,1066112,2097152
1788953481,505952,2097152,663368,2097152
1788953483,855264,2097152,1066112,2097152
1788953485,505952,2097152,663368,2097152
1788953487,505952,2097152,663368,2097152
1788953489,505952,2097152,663368,2097152
1788953491,855264,2097152,1066112,2097152
1788953493,855264,2097152,1066112,2097152
1788953495,505952,2097152,663368,2097152
1788953497,855264,2097152,1066112,2097152
1788953499,505952,2097152,663368,2097152
1788953501,855264,2097152,1066112,2097152
1788953503,505952,2097152,663368,2097152
1788953506,505952,2097152,663368,2097152
1788953508,505952,2097152,663368,2097152
1788953510,505952,2097152,663368,2097152
1788953512,505952,2097152,663368,2097152
1788953514,505952,2097152,663368,2097152
1788953516,505952,2097152,663368,2097152
1788953518,855264,2097152,1066112,2097152
1788953520,505952,2097152,663368,2097152
1788953522,505952,2097152,663368,2097152
1788953524,505952,2097152,663368,2097152
1788953526,505952,2097152,663368,2097152
1788953528,505952,2097152,663368,2097152
1788953530,505952,2097152,663368,2097152
1788953532,855264,2097152,1066112,2097152
1788953534,855264,2097152,1066112,2097152
1788953536,855264,2097152,1066112,2097152
1788953538,505952,2097152,663368,2097152
1788953540,505952,2097152,663368,2097152
1788953542,505952,2097152,663368,2097152
1788953544,855264,2097152,1066112,2097152
1788953546,505952,2097152,663368,2097152
1788953548,505952,2097152,663368,2097152
1788953550,505952,2097152,663368,2097152
1788953552,855264,2097152,1066112,2097152
1788953554,505952,2097152,663368,2097152
1788953556,505952,2097152,663368,2097152
1788953558,855264,2097152,1066112,2097152
1788953560,505952,2097152,663368,2097152
1788953563,505952,2097152,663368,2097152
1788953565,505952,2097152,663368,2097152
1788953567,505952,2097152,663368,2097152
1788953569,855264,2097152,1066112,2097152
1788953571,505952,2097152,663368,2097152
1788953573,505952,2097152,663368,2097152
1788953575,855264,2097152,1066112,2097152
1788953577,505952,2097152,663368,2097152
1788953579,505952,2097152,663368,2097152
1788953581,855264,2097152,1066112,2097152
1788953583,855264,2097152,1066112,2097152
1788953585,855264,2097152,1066112,2097152
1788953587,855264,2097152,1066112,2097152
1788953589,505952,2097152,663368,2097152
1788953591,855264,2097152,1066112,2097152
1788953593,855264,2097152,1066112,2097152
1788953595,855264,2097152,1066112,2097152
1788953597,855264,2097152,1066112,2097152
1788953599,855264,2097152,1066112,2097152
1788953601,505952,2097152,663368,2097152
1788953603,505952,2097152,663368,2097152
1788953605,505952,2097152,663368,2097152
1788953607,505952,2097152,663368,2097152
1788953609,505952,2097152,663368,2097152
1788953611,505952,2097152,663368,2097152
1788953613,855264,2097152,1066112,2097152
1788953615,505952,2097152,663368,2097152
1788953617,855264,2097152,1066112,2097152
1788953619,505944,2097152,663368,2097152
1788953621,855264,2097152,1066112,2097152
1788953624,855264,2097152,1066112,2097152
1788953626,855264,2097152,1066112,2097152
1788953628,855264,2097152,1066112,2097152
1788953630,855264,2097152,1066112,2097152
1788953632,855264,2097152,1066112,2097152
1788953634,505952,2097152,663368,2097152
1788953636,505952,2097152,663368,2097152
1788953638,855264,2097152,1066112,2097152
1788953640,505952,2097152,663368,2097152
1788953642,505952,2097152,663368,2097152
1788953644,505952,2097152,663368,2097152
1788953646,855264,2097152,1066112,2097152
1788953648,505952,2097152,663368,2097152
1788953650,505952,2097152,663368,2097152
1788953652,855264,2097152,1066112,2097152
1788953654,855264,2097152,1066112,2097152
1788953656,855264,2097152,1066112,2097152
1788953658,855264,2097152,1066112,2097152
1788953660,505952,2097152,663368,2097152
1788953662,855264,2097152,1066112,2097152
1788953664,855264,2097152,1066112,2097152
1788953666,505952,2097152,663368,2097152
1788953668,505952,2097152,663368,2097152
1788953670,505952,2097152,663368,2097152
1788953672,855264,2097152,1066112,2097152
1788953674,505952,2097152,663368,2097152
1788953676,505952,2097152,663368,2097152
1788953678,855264,2097152,1066112,2097152
1788953680,505952,2097152,663368,2097152
1788953682,855264,2097152,1066112,2097152
1788953684,505952,2097152,663368,2097152
1788953687,505952,2097152,663368,2097152
1788953689,505952,2097152,663368,2097152
1788953691,855264,2097152,1066112,2097152
1788953693,855264,2097152,1066112,2097152
1788953695,505952,2097152,663368,2097152
1788953697,855264,2097152,1066112,2097152
1788953699,505952,2097152,663368,2097152
1788953701,505952,2097152,663368,2097152
1788953703,855264,2097152,1066112,2097152
1788953705,505952,2097152,663368,2097152
1788953707,505952,2097152,663368,2097152
1788953709,505952,2097152,663368,2097152
1788953711,855264,2097152,1066112,2097152
1788953713,855264,2097152,1066112,2097152
1788953715,855264,2097152,1066112,2097152
1788953717,505952,2097152,663368,2097152
1788953719,505952,2097152,663368,2097152
1788953721,855264,2097152,1066112,2097152
1788953723,505952,2097152,663368,2097152
1788953725,855264,2097152,1066112,2097152
1788953727,505952,2097152,663368,2097152
1788953729,505952,2097152,663368,2097152
1788953731,505952,2097152,663368,2097152
1788953733,505952,2097152,663368,2097152
1788953735,505952,2097152,663368,2097152
1788953737,505952,2097152,663368,2097152
1788953739,505952,2097152,663368,2097152
1788953741,505952,2097152,663368,2097152
1788953743,505952,2097152,663368,2097152
1788953745,505952,2097152,663368,2097152
1788953747,505952,2097152,663368,2097152
1788953750,505952,2097152,663368,2097152
1788953752,505952,2097152,663368,2097152
1788953754,855264,2097152,1066112,2097152
1788953756,505952,2097152,663368,2097152
1788953758,855264,2097152,1066112,2097152
1788953760,505952,2097152,663368,2097152
1788953762,505952,2097152,663368,2097152
1788953764,855264,2097152,1066112,2097152
1788953766,505952,2097152,663368,2097152
1788953768,855264,2097152,1066112,2097152
1788953770,855264,2097152,1066112,2097152
1788953772,855264,2097152,1066112,2097152
1788953774,505952,2097152,663368,2097152
1788953776,505952,2097152,663368,2097152
1788953778,855264,2097152,1066112,2097152
1788953780,505952,2097152,663368,2097152
1788953782,505952,2097152,663368,2097152
1788953784,505952,2097152,663368,2097152
1788953786,505952,2097152,663368,2097152
1788953788,855264,2097152,1066112,2097152
1788953790,505952,2097152,663368,2097152
1788953792,855264,2097152,1066112,2097152
1788953794,855264,2097152,1066112,2097152
1788953796,855264,2097152,1066112,2097152
1788953798,855264,2097152,1066112,2097152
1788953800,855264,2097152,1066112,2097152
1788953802,505952,2097152,663368,2097152
1788953804,505952,2097152,663368,2097152
1788953806,505952,2097152,663368,2097152
1788953808,505952,2097152,663368,2097152
1788953810,505952,2097152,663368,2097152
1788953813,505952,2097152,663368,2097152
1788953815,505952,2097152,663368,2097152
1788953817,855264,2097152,1066112,2097152
1788953819,505952,2097152,663368,2097152
1788953821,855264,2097152,1066112,2097152
1788953823,505952,2097152,663368,2097152
1788953825,855264,2097152,1066112,2097152
1788953827,505952,2097152,663368,2097152
1788953829,505952,2097152,663368,2097152
1788953831,855264,2097152,1066112,2097152
1788953833,505952,2097152,663368,2097152
1788953835,505952,2097152,663368,2097152
1788953837,505952,2097152,663368,2097152
1788953839,505952,2097152,663368,2097152
1788953841,505952,2097152,663368,2097152
1788953843,505952,2097152,663368,2097152
1788953845,855264,2097152,1066112,2097152
1788953847,855264,2097152,1066112,2097152
1788953849,505952,2097152,663368,2097152
1788953851,505952,2097152,663368,2097152
1788953853,505952,2097152,663368,2097152
1788953855,505952,2097152,663368,2097152
1788953857,505952,2097152,663368,2097152
1788953859,505952,2097152,663368,2097152
1788953861,855264,2097152,1066112,2097152
1788953863,505952,2097152,663368,2097152
1788953865,505952,2097152,663368,2097152
1788953867,855264,2097152,1066112,2097152
1788953869,505952,2097152,663368,2097152
1788953872,505952,2097152,663368,2097152
1788953874,505952,2097152,663368,2097152
1788953876,855264,2097152,1066112,2097152
1788953878,505952,2097152,663368,2097152
1788953880,855264,2097152,1066112,2097152
1788953882,855264,2097152,1066112,2097152
1788953884,855264,2097152,1066112,2097152
1788953886,505952,2097152,663368,2097152
1788953888,855264,2097152,1066112,2097152
1788953890,505952,2097152,663368,2097152
1788953892,505952,2097152,663368,2097152
1788953894,505952,2097152,663368,2097152
1788953896,505952,2097152,663368,2097152
1788953898,855264,2097152,1066112,2097152
1788953900,505952,2097152,663368,2097152
1788953902,855264,2097152,1066112,2097152
1788953904,505952,2097152,663368,2097152
1788953906,505952,2097152,663368,2097152
1788953908,505952,2097152,663368,2097152
1788953910,505952,2097152,663368,2097152
1788953912,505952,2097152,663368,2097152
1788953914,855264,2097152,1066112,2097152
1788953916,855264,2097152,1066112,2097152
1788953918,505952,2097152,663368,2097152
1788953920,505952,2097152,663368,2097152
1788953922,505952,2097152,663368,2097152
1788953924,855264,2097152,1066112,2097152
1788953926,505952,2097152,663368,2097152
1788953928,505952,2097152,663368,2097152
1788953931,505952,2097152,663368,2097152
1788953933,505952,2097152,663368,2097152
1788953935,855264,2097152,1066112,2097152
1788953937,855264,2097152,1066112,2097152
1788953939,505952,2097152,663368,2097152
1788953941,505952,2097152,663368,2097152
1788953943,505952,2097152,663368,2097152
1788953945,855264,2097152,1066112,2097152
1788953947,855264,2097152,1066112,2097152
1788953949,855264,2097152,1066112,2097152
1788953951,855264,2097152,1066112,2097152
1788953953,505952,2097152,663368,2097152
1788953955,505952,2097152,663368,2097152
1788953957,855264,2097152,1066112,2097152
1788953959,855264,2097152,1066112,2097152
1788953961,505952,2097152,663368,2097152
1788953963,855264,2097152,1066112,2097152
1788953965,505952,2097152,663368,2097152
1788953967,505952,2097152,663368,2097152
1788953969,505952,2097152,663368,2097152
1788953971,505952,2097152,663368,2097152
1788953973,855264,2097152,1066112,2097152
1788953975,855264,2097152,1066112,2097152
1788953977,855264,2097152,1066112,2097152
1788953979,505952,2097152,663368,2097152
1788953981,505952,2097152,663368,2097152
1788953983,855264,2097152,1066112,2097152
1788953985,505952,2097152,663368,2097152
1788953987,855264,2097152,1066112,2097152
1788953990,505952,2097152,663368,2097152
1788953992,505952,2097152,663368,2097152
1788953994,505952,2097152,663368,2097152
1788953996,505952,2097152,663368,2097152
1788953998,505952,2097152,663368,2097152
1788954000,505952,2097152,663368,2097152
1788954002,505952,2097152,663368,2097152
1788954004,855264,2097152,1066112,2097152
1788954006,505952,2097152,663368,2097152
1788954008,505952,2097152,663368,2097152
1788954010,505952,2097152,663368,2097152
1788954012,505952,2097152,663368,2097152
1788954014,505952,2097152,663368,2097152
1788954016,505952,2097152,663368,2097152
1788954018,505952,2097152,663368,2097152
1788954020,855264,2097152,1066112,2097152
1788954022,855264,2097152,1066112,2097152
1788954024,505952,2097152,663368,2097152
1788954026,855264,2097152,1066112,2097152
1788954028,505952,2097152,663368,2097152
1788954030,505952,2097152,663368,2097152
1788954032,505952,2097152,663368,2097152
1788954034,505952,2097152,663368,2097152
1788954036,855264,2097152,1066112,2097152
1788954038,855264,2097152,1066112,2097152
1788954040,505952,2097152,663368,2097152
1788954042,855264,2097152,1066112,2097152
1788954044,855264,2097152,1066112,2097152
1788954046,855264,2097152,1066112,2097152
1788954049,505952,2097152,663368,2097152
1788954051,505952,2097152,663368,2097152
1788954053,855264,2097152,1066112,2097152
1788954055,855264,2097152,1066112,2097152
1788954057,505952,2097152,663368,2097152
1788954059,505952,2097152,663368,2097152
1788954061,505952,2097152,663368,2097152
1788954063,505952,2097152,663368,2097152
1788954065,505952,2097152,663368,2097152
1788954067,505952,2097152,663368,2097152
1788954069,505952,2097152,663368,2097152
1788954071,855264,2097152,1066112,2097152
1788954073,855264,2097152,1066112,2097152
1788954075,855264,2097152,1066112,2097152
1788954077,505952,2097152,663368,2097152
1788954079,505952,2097152,663368,2097152
1788954081,855264,2097152,1066112,2097152
1788954083,855264,2097152,1066112,2097152
1788954085,505952,2097152,663368,2097152
1788954087,505952,2097152,663368,2097152
1788954089,855264,2097152,1066112,2097152
1788954091,505952,2097152,663368,2097152
1788954093,505952,2097152,663368,2097152
1788954095,505944,2097152,663368,2097152
1788954097,505952,2097152,663368,2097152
1788954099,505952,2097152,663368,2097152
1788954101,855264,2097152,1066112,2097152
1788954103,505952,2097152,663368,2097152
1788954105,855264,2097152,1066112,2097152
1788954108,855264,2097152,1066112,2097152
1788954110,855264,2097152,1066112,2097152
1788954112,505952,2097152,663368,2097152
1788954114,505952,2097152,663368,2097152
1788954116,505952,2097152,663368,2097152
1788954118,855264,2097152,1066112,2097152
1788954120,505952,2097152,663368,2097152
1788954122,505952,2097152,663368,2097152
1788954124,505952,2097152,663368,2097152
1788954126,855264,2097152,1066112,2097152
1788954128,855264,2097152,1066112,2097152
1788954130,505952,2097152,663368,2097152
1788954132,855264,2097152,1066112,2097152
1788954134,505952,2097152,663368,2097152
1788954136,855264,2097152,1066112,2097152
1788954138,505952,2097152,663368,2097152
1788954140,505952,2097152,663368,2097152
1788954142,505952,2097152,663368,2097152
1788954144,505952,2097152,663368,2097152
1788954146,855264,2097152,1066112,2097152
1788954148,505952,2097152,663368,2097152
1788954150,505952,2097152,663368,2097152
1788954152,505952,2097152,663368,2097152
1788954154,505952,2097152,663368,2097152
1788954156,505952,2097152,663368,2097152
1788954158,505952,2097152,663368,2097152
1788954160,855264,2097152,1066112,2097152
1788954162,505952,2097152,663368,2097152
1788954164,505952,2097152,663368,2097152
1788954167,855264,2097152,1066112,2097152
1788954169,855264,2097152,1066112,2097152
1788954171,505952,2097152,663368,2097152
1788954173,855264,2097152,1066112,2097152
1788954175,855264,2097152,1066112,2097152
1788954177,505952,2097152,663368,2097152
1788954179,505952,2097152,663368,2097152
1788954181,855264,2097152,1066112,2097152
1788954183,505952,2097152,663368,2097152
1788954185,505952,2097152,663368,2097152
1788954187,855264,2097152,1066112,2097152
1788954189,855264,2097152,1066112,2097152
1788954191,505952,2097152,663368,2097152
1788954193,855264,2097152,1066112,2097152
1788954195,855264,2097152,1066112,2097152
1788954197,855264,2097152,1066112,2097152
1788954199,855264,2097152,1066112,2097152
1788954201,505952,2097152,663368,2097152
1788954203,855264,2097152,1066112,2097152
1788954205,505952,2097152,663368,2097152
1788954207,505952,2097152,663368,2097152
1788954209,505952,2097152,663368,2097152
1788954211,855264,2097152,1066112,2097152
1788954213,505952,2097152,663368,2097152
1788954215,505952,2097152,663368,2097152
1788954217,855264,2097152,1066112,2097152
1788954219,505952,2097152,663368,2097152
1788954221,505952,2097152,663368,2097152
1788954224,505952,2097152,663368,2097152
1788954226,855264,2097152,1066112,2097152
1788954228,855264,2097152,1066112,2097152
1788954230,855264,2097152,1066112,2097152
1788954232,505952,2097152,663368,2097152
1788954234,855264,2097152,1066112,2097152
1788954236,505952,2097152,663368,2097152
1788954238,855264,2097152,1066112,2097152
1788954240,505952,2097152,663368,2097152
1788954242,505952,2097152,663368,2097152
1788954244,505952,2097152,663368,2097152
1788954246,505952,2097152,663368,2097152
1788954248,505952,2097152,663368,2097152
1788954250,505952,2097152,663368,2097152
1788954252,505952,2097152,663368,2097152
1788954254,505952,2097152,663368,2097152
1788954256,855264,2097152,1066112,2097152
1788954258,505952,2097152,663368,2097152
1788954260,505952,2097152,663368,2097152
1788954262,855264,2097152,1066112,2097152
1788954264,855264,2097152,1066112,2097152
1788954266,505952,2097152,663368,2097152
1788954268,855264,2097152,1066112,2097152
1788954270,855264,2097152,1066112,2097152
1788954272,855264,2097152,1066112,2097152
1788954274,505952,2097152,663368,2097152
1788954276,505952,2097152,663368,2097152
1788954278,855264,2097152,1066112,2097152
1788954281,855264,2097152,1066112,2097152
1788954283,505952,2097152,663368,2097152
1788954285,505952,2097152,663368,2097152
1788954287,855264,2097152,1066112,2097152
1788954289,505952,2097152,663368,2097152
1788954291,855264,2097152,1066112,2097152
1788954293,855264,2097152,1066112,2097152
1788954295,855264,2097152,1066112,2097152
1788954297,855264,2097152,1066112,2097152
1788954299,505952,2097152,663368,2097152
1788954301,505952,2097152,663368,2097152
1788954303,855264,2097152,1066112,2097152
1788954305,855264,2097152,1066112,2097152
1788954307,505952,2097152,663368,2097152
1788954309,855264,2097152,1066112,2097152
1788954311,505952,2097152,663368,2097152
1788954313,505952,2097152,663368,2097152
1788954315,505952,2097152,663368,2097152
1788954317,855264,2097152,1066112,2097152
1788954319,855264,2097152,1066112,2097152
1788954321,855264,2097152,1066112,2097152
1788954323,505952,2097152,663368,2097152
1788954325,505952,2097152,663368,2097152
1788954327,505952,2097152,663368,2097152
1788954329,505952,2097152,663368,2097152
1788954331,505952,2097152,663368,2097152
1788954333,505952,2097152,663368,2097152
1788954335,505952,2097152,663368,2097152
1788954337,505952,2097152,663368,2097152
1788954340,505952,2097152,663368,2097152
1788954342,855264,2097152,1066112,2097152
1788954344,505952,2097152,663368,2097152
1788954346,855264,2097152,1066112,2097152
1788954348,855264,2097152,1066112,2097152
1788954350,505952,2097152,663368,2097152
1788954352,505952,2097152,663368,2097152
1788954354,505952,2097152,663368,2097152
1788954356,505952,2097152,663368,2097152
1788954358,505952,2097152,663368,2097152
1788954360,505952,2097152,663368,2097152
1788954362,505952,2097152,663368,2097152
1788954364,505952,2097152,663368,2097152
1788954366,505952,2097152,663368,2097152
1788954368,855264,2097152,1066112,2097152
1788954370,505952,2097152,663368,2097152
1788954372,855264,2097152,1066112,2097152
1788954374,505952,2097152,663368,2097152
1788954376,505952,2097152,663368,2097152
1788954378,855264,2097152,1066112,2097152
1788954380,505952,2097152,663368,2097152
1788954382,505952,2097152,663368,2097152
1788954384,505952,2097152,663368,2097152
1788954386,505952,2097152,663368,2097152
1788954388,505952,2097152,663368,2097152
1788954390,855264,2097152,1066112,2097152
1788954392,505952,2097152,663368,2097152
1788954394,505952,2097152,663368,2097152
1788954397,505952,2097152,663368,2097152
1788954399,855264,2097152,1066112,2097152
1788954401,505952,2097152,663368,2097152
1788954403,505952,2097152,663368,2097152
1788954405,505952,2097152,663368,2097152
1788954407,505952,2097152,663368,2097152
1788954409,505952,2097152,663368,2097152
1788954411,505952,2097152,663368,2097152
1788954413,505952,2097152,663368,2097152
1788954415,855264,2097152,1066112,2097152
1788954417,505952,2097152,663368,2097152
1788954419,505952,2097152,663368,2097152
1788954421,505952,2097152,663368,2097152
1788954423,855264,2097152,1066112,2097152
1788954425,855264,2097152,1066112,2097152
1788954427,505952,2097152,663368,2097152
1788954429,855264,2097152,1066112,2097152
1788954431,855264,2097152,1066112,2097152
1788954433,505952,2097152,663368,2097152
1788954435,855264,2097152,1066112,2097152
1788954437,855264,2097152,1066112,2097152
1788954439,505952,2097152,663368,2097152
1788954441,855264,2097152,1066112,2097152
1788954443,505952,2097152,663368,2097152
1788954445,855264,2097152,1066112,2097152
1788954447,855264,2097152,1066112,2097152
1788954449,505952,2097152,663368,2097152
1788954451,505952,2097152,663368,2097152
1788954453,505952,2097152,663368,2097152
1788954456,855264,2097152,1066112,2097152
1788954458,855264,2097152,1066112,2097152
1788954460,855264,2097152,1066112,2097152
1788954462,855264,2097152,1066112,2097152
1788954464,505952,2097152,663368,2097152
1788954466,855264,2097152,1066112,2097152
1788954468,505952,2097152,663368,2097152
1788954470,855264,2097152,1066112,2097152
1788954472,505952,2097152,663368,2097152
1788954474,505952,2097152,663368,2097152
1788954476,505952,2097152,663368,2097152
1788954478,855264,2097152,1066112,2097152
1788954480,855264,2097152,1066112,2097152
1788954482,505952,2097152,663368,2097152
1788954484,505952,2097152,663368,2097152
1788954486,505952,2097152,663368,2097152
1788954488,505952,2097152,663368,2097152
1788954490,505952,2097152,663368,2097152
1788954492,505952,2097152,663368,2097152
1788954494,505952,2097152,663368,2097152
1788954496,505952,2097152,663368,2097152
1788954498,505952,2097152,663368,2097152
1788954500,505952,2097152,663368,2097152
1788954502,505952,2097152,663368,2097152
1788954504,855264,2097152,1066112,2097152
1788954506,855264,2097152,1066112,2097152
1788954508,855264,2097152,1066112,2097152
1788954510,855264,2097152,1066112,2097152
1788954513,855264,2097152,1066112,2097152
1788954515,505952,2097152,663368,2097152
1788954517,855264,2097152,1066112,2097152
1788954519,505952,2097152,663368,2097152
1788954521,505952,2097152,663368,2097152
1788954523,855264,2097152,1066112,2097152
1788954525,855264,2097152,1066112,2097152
1788954527,505952,2097152,663368,2097152
1788954529,855264,2097152,1066112,2097152
1788954531,505952,2097152,663368,2097152
1788954533,505952,2097152,663368,2097152
1788954535,505952,2097152,663368,2097152
1788954537,505952,2097152,663368,2097152
1788954539,855264,2097152,1066112,2097152
1788954541,505952,2097152,663368,2097152
1788954543,505952,2097152,663368,2097152
1788954545,855264,2097152,1066112,2097152
1788954547,505952,2097152,663368,2097152
1788954549,505952,2097152,663368,2097152
1788954551,855264,2097152,1066112,2097152
1788954553,855264,2097152,1066112,2097152
1788954555,505952,2097152,663368,2097152
1788954557,855264,2097152,1066112,2097152
1788954559,505952,2097152,663368,2097152
1788954561,505952,2097152,663368,2097152
1788954563,505952,2097152,663368,2097152
1788954565,505952,2097152,663368,2097152
1788954567,855264,2097152,1066112,2097152
1788954569,855264,2097152,1066112,2097152
1788954572,505952,2097152,663368,2097152
1788954574,505952,2097152,663368,2097152
1788954576,505952,2097152,663368,2097152
1788954578,505952,2097152,663368,2097152
1788954580,855264,2097152,1066112,2097152
1788954582,505952,2097152,663368,2097152
1788954584,855264,2097152,1066112,2097152
1788954586,855264,2097152,1066112,2097152
1788954588,505952,2097152,663368,2097152
1788954590,855264,2097152,1066112,2097152
1788954592,505952,2097152,663368,2097152
1788954594,505952,2097152,663368,2097152
1788954596,505952,2097152,663368,2097152
1788954598,505952,2097152,663368,2097152
1788954600,505952,2097152,663368,2097152
1788954602,855264,2097152,1066112,2097152
1788954604,505952,2097152,663368,2097152
1788954606,505952,2097152,663368,2097152
1788954608,505952,2097152,663368,2097152
1788954610,505952,2097152,663368,2097152
1788954612,505952,2097152,663368,2097152
1788954614,505952,2097152,663368,2097152
1788954616,505952,2097152,663368,2097152
1788954618,505952,2097152,663368,2097152
1788954620,505952,2097152,663368,2097152
1788954622,505952,2097152,663368,2097152
1788954624,505952,2097152,663368,2097152
1788954626,505952,2097152,663368,2097152
1788954628,505952,2097152,663368,2097152
1788954631,855264,2097152,1066112,2097152
1788954633,505952,2097152,663368,2097152
1788954635,505952,2097152,663368,2097152
1788954637,505952,2097152,663368,2097152
1788954639,855264,2097152,1066112,2097152
1788954641,505952,2097152,663368,2097152
1788954643,505952,2097152,663368,2097152
1788954645,505952,2097152,663368,2097152
1788954647,505952,2097152,663368,2097152
1788954649,505952,2097152,663368,2097152
1788954651,505952,2097152,663368,2097152
1788954653,505952,2097152,663368,2097152
1788954655,505952,2097152,663368,2097152
1788954657,505952,2097152,663368,2097152
1788954659,855264,2097152,1066112,2097152
1788954661,505952,2097152,663368,2097152
1788954663,855264,2097152,1066112,2097152
1788954665,855264,2097152,1066112,2097152
1788954667,855264,2097152,1066112,2097152
1788954669,505952,2097152,663368,2097152
1788954671,505952,2097152,663368,2097152
1788954673,855264,2097152,1066112,2097152
1788954675,855264,2097152,1066112,2097152
1788954677,505952,2097152,663368,2097152
1788954679,505952,2097152,663368,2097152
1788954681,505952,2097152,663368,2097152
1788954683,855264,2097152,1066112,2097152
1788954685,505952,2097152,663368,2097152
1788954687,855264,2097152,1066112,2097152
1788954690,855264,2097152,1066112,2097152
1788954692,855264,2097152,1066112,2097152
1788954694,855264,2097152,1066112,2097152
1788954696,505952,2097152,663368,2097152
1788954698,505952,2097152,663368,2097152
1788954700,505952,2097152,663368,2097152
1788954702,855264,2097152,1066112,2097152
1788954704,855264,2097152,1066112,2097152
1788954706,505952,2097152,663368,2097152
1788954708,855264,2097152,1066112,2097152
1788954710,505952,2097152,663368,2097152
1788954712,505952,2097152,663368,2097152
1788954714,855264,2097152,1066112,2097152
1788954716,505952,2097152,663368,2097152
1788954718,855264,2097152,1066112,2097152
1788954720,855264,2097152,1066112,2097152
1788954722,505952,2097152,663368,2097152
1788954724,855264,2097152,1066112,2097152
1788954726,855264,2097152,1066112,2097152
1788954728,855264,2097152,1066112,2097152
1788954730,505952,2097152,663368,2097152
1788954732,855264,2097152,1066112,2097152
1788954734,505952,2097152,663368,2097152
1788954736,505952,2097152,663368,2097152
1788954738,855264,2097152,1066112,2097152
1788954740,855264,2097152,1066112,2097152
1788954742,505952,2097152,663368,2097152
1788954744,505952,2097152,663368,2097152
1788954746,505952,2097152,663368,2097152
1788954749,505952,2097152,663368,2097152
1788954751,505952,2097152,663368,2097152
1788954753,855264,2097152,1066112,2097152
1788954755,505952,2097152,663368,2097152
1788954757,505952,2097152,663368,2097152
1788954759,855264,2097152,1066112,2097152
1788954761,505952,2097152,663368,2097152
1788954763,505952,2097152,663368,2097152
1788954765,505952,2097152,663368,2097152
1788954767,505952,2097152,663368,2097152
1788954769,505952,2097152,663368,2097152
1788954771,505952,2097152,663368,2097152
1788954773,505952,2097152,663368,2097152
1788954775,505952,2097152,663368,2097152
1788954777,505952,2097152,663368,2097152
1788954779,505952,2097152,663368,2097152
1788954781,505952,2097152,663368,2097152
1788954783,505952,2097152,663368,2097152
1788954785,855264,2097152,1066112,2097152
1788954787,505952,2097152,663368,2097152
1788954789,855264,2097152,1066112,2097152
1788954791,855264,2097152,1066112,2097152
1788954793,855264,2097152,1066112,2097152
1788954795,855264,2097152,1066112,2097152
1788954797,855264,2097152,1066112,2097152
1788954799,505952,2097152,663368,2097152
1788954801,505952,2097152,663368,2097152
1788954803,855264,2097152,1066112,2097152
1788954805,505952,2097152,663368,2097152
1788954808,855264,2097152,1066112,2097152
1788954810,855264,2097152,1066112,2097152
1788954812,855264,2097152,1066112,2097152
1788954814,505952,2097152,663368,2097152
1788954816,855264,2097152,1066112,2097152
1788954818,505952,2097152,663368,2097152
1788954820,505952,2097152,663368,2097152
1788954822,505952,2097152,663368,2097152
1788954824,855264,2097152,1066112,2097152
1788954826,505952,2097152,663368,2097152
1788954828,505952,2097152,663368,2097152
1788954830,505952,2097152,663368,2097152
1788954832,855264,2097152,1066112,2097152
1788954834,505952,2097152,663368,2097152
1788954836,505952,2097152,663368,2097152
1788954838,505952,2097152,663368,2097152
1788954840,505952,2097152,663368,2097152
1788954842,505952,2097152,663368,2097152
1788954844,505952,2097152,663368,2097152
1788954846,505952,2097152,663368,2097152
1788954848,855264,2097152,1066112,2097152
1788954850,505952,2097152,663368,2097152
1788954852,505952,2097152,663368,2097152
1788954854,505952,2097152,663368,2097152
1788954856,505952,2097152,663368,2097152
1788954858,505952,2097152,663368,2097152
1788954860,855264,2097152,1066112,2097152
1788954862,855264,2097152,1066112,2097152
1788954864,855264,2097152,1066112,2097152
1788954867,505952,2097152,663368,2097152
1788954869,855264,2097152,1066112,2097152
1788954871,505952,2097152,663368,2097152
1788954873,855264,2097152,1066112,2097152
1788954875,855264,2097152,1066112,2097152
1788954877,505952,2097152,663368,2097152
1788954879,855264,2097152,1066112,2097152
1788954881,505952,2097152,663368,2097152
1788954883,505952,2097152,663368,2097152
1788954885,505952,2097152,663368,2097152
1788954887,855264,2097152,1066112,2097152
1788954889,505952,2097152,663368,2097152
1788954891,505952,2097152,663368,2097152
1788954893,505952,2097152,663368,2097152
1788954895,505952,2097152,663368,2097152
1788954897,855264,2097152,1066112,2097152
1788954899,855264,2097152,1066112,2097152
1788954901,505952,2097152,663368,2097152
1788954903,505952,2097152,663368,2097152
1788954905,855264,2097152,1066112,2097152
1788954907,855264,2097152,1066112,2097152
1788954909,505952,2097152,663368,2097152
1788954911,505952,2097152,663368,2097152
1788954913,855264,2097152,1066112,2097152
1788954915,855264,2097152,1066112,2097152
1788954917,855264,2097152,1066112,2097152
1788954920,505952,2097152,663368,2097152
1788954922,855264,2097152,1066112,2097152
1788954924,505952,2097152,663368,2097152
1788954926,505952,2097152,663368,2097152
1788954928,855264,2097152,1066112,2097152
1788954930,505952,2097152,663368,2097152
1788954932,505952,2097152,663368,2097152
1788954934,505952,2097152,663368,2097152
1788954936,505952,2097152,663368,2097152
1788954938,505952,2097152,663368,2097152
1788954940,505952,2097152,663368,2097152
1788954942,505952,2097152,663368,2097152
1788954944,505952,2097152,663368,2097152
1788954946,505952,2097152,663368,2097152
1788954948,505952,2097152,663368,2097152
1788954950,855264,2097152,1066112,2097152
1788954952,505952,2097152,663368,2097152
1788954954,505952,2097152,663368,2097152
1788954956,505952,2097152,663368,2097152
1788954958,505952,2097152,663368,2097152
1788954960,505952,2097152,663368,2097152
1788954962,855264,2097152,1066112,2097152
1788954964,505952,2097152,663368,2097152
1788954966,505952,2097152,663368,2097152
1788954968,505952,2097152,663368,2097152
1788954970,505952,2097152,663368,2097152
1788954972,505952,2097152,663368,2097152
1788954974,505952,2097152,663368,2097152
1788954976,505952,2097152,663368,2097152
1788954979,855264,2097152,1066112,2097152
1788954981,505952,2097152,663368,2097152
1788954983,505952,2097152,663368,2097152
1788954985,505952,2097152,663368,2097152
1788954987,855264,2097152,1066112,2097152
1788954989,505952,2097152,663368,2097152
1788954991,505952,2097152,663368,2097152
1788954993,505952,2097152,663368,2097152
1788954995,505952,2097152,663368,2097152
1788954997,505952,2097152,663368,2097152
1788954999,855264,2097152,1066112,2097152
1788955001,505952,2097152,663368,2097152
1788955003,855264,2097152,1066112,2097152
1788955005,505952,2097152,663368,2097152
1788955007,505952,2097152,663368,2097152
1788955009,505952,2097152,663368,2097152
1788955011,505952,2097152,663368,2097152
1788955013,855264,2097152,1066112,2097152
1788955015,505952,2097152,663368,2097152
1788955017,855264,2097152,1066112,2097152
1788955019,855264,2097152,1066112,2097152
1788955021,505952,2097152,663368,2097152
1788955023,505952,2097152,663368,2097152
1788955025,505952,2097152,663368,2097152
1788955027,505952,2097152,663368,2097152
1788955029,505952,2097152,663368,2097152
1788955031,505952,2097152,663368,2097152
1788955033,505952,2097152,663368,2097152
1788955036,505952,2097152,663368,2097152
1788955038,505952,2097152,663368,2097152
1788955040,505952,2097152,663368,2097152
1788955042,855264,2097152,1066112,2097152
1788955044,505952,2097152,663368,2097152
1788955046,855264,2097152,1066112,2097152
1788955048,855264,2097152,1066112,2097152
1788955050,505952,2097152,663368,2097152
1788955052,505952,2097152,663368,2097152
1788955054,855264,2097152,1066112,2097152
1788955056,505952,2097152,663368,2097152
1788955058,505952,2097152,663368,2097152
1788955060,505952,2097152,663368,2097152
1788955062,855264,2097152,1066112,2097152
1788955064,505952,2097152,663368,2097152
1788955066,855264,2097152,1066112,2097152
1788955068,505952,2097152,663368,2097152
1788955070,505952,2097152,663368,2097152
1788955072,505952,2097152,663368,2097152
1788955074,505952,2097152,663368,2097152
1788955076,855264,2097152,1066112,2097152
1788955078,505952,2097152,663368,2097152
1788955080,505952,2097152,663368,2097152
1788955082,505952,2097152,663368,2097152
1788955084,505952,2097152,663368,2097152
1788955086,505952,2097152,663368,2097152
1788955088,855264,2097152,1066112,2097152
1788955090,855264,2097152,1066112,2097152
1788955092,505952,2097152,663368,2097152
1788955095,855264,2097152,1066112,2097152
1788955097,855264,2097152,1066112,2097152
1788955099,855264,2097152,1066112,2097152
1788955101,505952,2097152,663368,2097152
1788955103,505952,2097152,663368,2097152
1788955105,505952,2097152,663368,2097152
1788955107,855264,2097152,1066112,2097152
1788955109,505952,2097152,663368,2097152
1788955111,505952,2097152,663368,2097152
1788955113,505952,2097152,663368,2097152
1788955115,505952,2097152,663368,2097152
1788955117,505952,2097152,663368,2097152
1788955119,505952,2097152,663368,2097152
1788955121,505952,2097152,663368,2097152
1788955123,855264,2097152,1066112,2097152
1788955125,505952,2097152,663368,2097152
1788955127,855264,2097152,1066112,2097152
1788955129,505952,2097152,663368,2097152
1788955131,505952,2097152,663368,2097152
1788955133,505952,2097152,663368,2097152
1788955135,505952,2097152,663368,2097152
1788955137,505952,2097152,663368,2097152
1788955139,855264,2097152,1066112,2097152
1788955141,505952,2097152,663368,2097152
1788955143,855264,2097152,1066112,2097152
1788955145,855264,2097152,1066112,2097152
1788955147,505952,2097152,663368,2097152
1788955149,855264,2097152,1066112,2097152
1788955152,505952,2097152,663368,2097152
1788955154,505952,2097152,663368,2097152
1788955156,855264,2097152,1066112,2097152
1788955158,855264,2097152,1066112,2097152
1788955160,505952,2097152,663368,2097152
1788955162,505952,2097152,663368,2097152
1788955164,505952,2097152,663368,2097152
1788955166,855264,2097152,1066112,2097152
1788955168,505952,2097152,663368,2097152
1788955170,505952,2097152,663368,2097152
1788955172,505952,2097152,663368,2097152
1788955174,855264,2097152,1066112,2097152
1788955176,505952,2097152,663368,2097152
1788955178,855264,2097152,1066112,2097152
1788955180,855264,2097152,1066112,2097152
1788955182,505952,2097152,663368,2097152
1788955184,855264,2097152,1066112,2097152
1788955186,505952,2097152,663368,2097152
1788955188,855264,2097152,1066112,2097152
1788955190,505952,2097152,663368,2097152
1788955192,505952,2097152,663368,2097152
1788955194,505952,2097152,663368,2097152
1788955196,505952,2097152,663368,2097152
1788955198,505952,2097152,663368,2097152
1788955200,855264,2097152,1066112,2097152
1788955202,505952,2097152,663368,2097152
1788955204,855264,2097152,1066112,2097152
1788955206,505952,2097152,663368,2097152
1788955209,505952,2097152,663368,2097152
1788955211,855264,2097152,1066112,2097152
1788955213,855264,2097152,1066112,2097152
1788955215,855264,2097152,1066112,2097152
1788955217,855264,2097152,1066112,2097152
1788955219,855264,2097152,1066112,2097152
1788955221,855264,2097152,1066112,2097152
1788955223,505952,2097152,663368,2097152
1788955225,505952,2097152,663368,2097152
1788955227,505952,2097152,663368,2097152
1788955229,505952,2097152,663368,2097152
1788955231,505952,2097152,663368,2097152
1788955233,505952,2097152,663368,2097152
1788955235,505952,2097152,663368,2097152
1788955237,855264,2097152,1066112,2097152
1788955239,505952,2097152,663368,2097152
1788955241,505952,2097152,663368,2097152
1788955243,505952,2097152,663368,2097152
1788955245,505952,2097152,663368,2097152
1788955247,505952,2097152,663368,2097152
1788955249,505952,2097152,663368,2097152
1788955251,505952,2097152,663368,2097152
1788955253,505952,2097152,663368,2097152
1788955255,855264,2097152,1066112,2097152
1788955257,505952,2097152,663368,2097152
1788955259,505952,2097152,663368,2097152
1788955261,505952,2097152,663368,2097152
1788955263,505952,2097152,663368,2097152
1788955266,855264,2097152,1066112,2097152
1788955268,505952,2097152,663368,2097152
1788955270,855264,2097152,1066112,2097152
1788955272,505952,2097152,663368,2097152
1788955274,505952,2097152,663368,2097152
1788955276,855264,2097152,1066112,2097152
1788955278,855264,2097152,1066112,2097152
1788955280,505952,2097152,663368,2097152
1788955282,855264,2097152,1066112,2097152
1788955284,505952,2097152,663368,2097152
1788955286,505952,2097152,663368,2097152
1788955288,505952,2097152,663368,2097152
1788955290,505952,2097152,663368,2097152
1788955292,855264,2097152,1066112,2097152
1788955294,505952,2097152,663368,2097152
1788955296,855264,2097152,1066112,2097152
1788955298,505952,2097152,663368,2097152
1788955300,505952,2097152,663368,2097152
1788955302,505952,2097152,663368,2097152
1788955304,505952,2097152,663368,2097152
1788955306,855264,2097152,1066112,2097152
1788955308,505952,2097152,663368,2097152
1788955310,855264,2097152,1066112,2097152
1788955312,505952,2097152,663368,2097152
1788955314,855264,2097152,1066112,2097152
1788955316,505952,2097152,663368,2097152
1788955318,505952,2097152,663368,2097152
1788955320,505952,2097152,663368,2097152
1788955322,855264,2097152,1066112,2097152
1788955325,505952,2097152,663368,2097152
1788955327,505952,2097152,663368,2097152
1788955329,505952,2097152,663368,2097152
1788955331,505952,2097152,663368,2097152
1788955333,855264,2097152,1066112,2097152
1788955335,855264,2097152,1066112,2097152
1788955337,505952,2097152,663368,2097152
1788955339,505952,2097152,663368,2097152
1788955341,505952,2097152,663368,2097152
1788955343,505952,2097152,663368,2097152
1788955345,505952,2097152,663368,2097152
1788955347,505952,2097152,663368,2097152
1788955349,505952,2097152,663368,2097152
1788955351,855264,2097152,1066112,2097152
1788955353,505952,2097152,663368,2097152
1788955355,505952,2097152,663368,2097152
1788955357,505952,2097152,663368,2097152
1788955359,505952,2097152,663368,2097152
1788955361,505952,2097152,663368,2097152
1788955363,505952,2097152,663368,2097152
1788955365,855264,2097152,1066112,2097152
1788955367,855264,2097152,1066112,2097152
1788955369,505952,2097152,663368,2097152
1788955371,505952,2097152,663368,2097152
1788955373,505952,2097152,663368,2097152
1788955375,505952,2097152,663368,2097152
1788955377,505952,2097152,663368,2097152
1788955379,505952,2097152,663368,2097152
1788955381,505952,2097152,663368,2097152
1788955384,505952,2097152,663368,2097152
1788955386,855264,2097152,1066112,2097152
1788955388,505952,2097152,663368,2097152
1788955390,505952,2097152,663368,2097152
1788955392,505952,2097152,663368,2097152
1788955394,855264,2097152,1066112,2097152
1788955396,855264,2097152,1066112,2097152
1788955398,505952,2097152,663368,2097152
1788955400,505952,2097152,663368,2097152
1788955402,505952,2097152,663368,2097152
1788955404,505952,2097152,663368,2097152
1788955406,505952,2097152,663368,2097152
1788955408,855264,2097152,1066112,2097152
1788955410,505952,2097152,663368,2097152
1788955412,505952,2097152,663368,2097152
1788955414,505952,2097152,663368,2097152
1788955416,505952,2097152,663368,2097152
1788955418,855264,2097152,1066112,2097152
1788955420,505952,2097152,663368,2097152
1788955422,505952,2097152,663368,2097152
1788955424,855264,2097152,1066112,2097152
1788955426,505952,2097152,663368,2097152
1788955428,855264,2097152,1066112,2097152
1788955430,505952,2097152,663368,2097152
1788955432,505952,2097152,663368,2097152
1788955434,505952,2097152,663368,2097152
1788955436,505952,2097152,663368,2097152
1788955438,855264,2097152,1066112,2097152
1788955440,505952,2097152,663368,2097152
1788955443,505952,2097152,663368,2097152
1788955445,505952,2097152,663368,2097152
1788955447,855264,2097152,1066112,2097152
1788955449,505952,2097152,663368,2097152
1788955451,505952,2097152,663368,2097152
1788955453,855264,2097152,1066112,2097152
1788955455,505952,2097152,663368,2097152
1788955457,855264,2097152,1066112,2097152
1788955459,505952,2097152,663368,2097152
1788955461,505952,2097152,663368,2097152
1788955463,855264,2097152,1066112,2097152
1788955465,855264,2097152,1066112,2097152
1788955467,505952,2097152,663368,2097152
1788955469,855264,2097152,1066112,2097152
1788955471,505952,2097152,663368,2097152
1788955473,505952,2097152,663368,2097152
1788955475,855264,2097152,1066112,2097152
1788955477,505952,2097152,663368,2097152
1788955479,855264,2097152,1066112,2097152
1788955481,505952,2097152,663368,2097152
1788955483,505952,2097152,663368,2097152
1788955485,505952,2097152,663368,2097152
1788955487,855264,2097152,1066112,2097152
1788955489,505952,2097152,663368,2097152
1788955491,505952,2097152,663368,2097152
1788955493,855264,2097152,1066112,2097152
1788955495,505952,2097152,663368,2097152
1788955497,505952,2097152,663368,2097152
1788955500,855264,2097152,1066112,2097152
1788955502,505952,2097152,663368,2097152
1788955504,855264,2097152,1066112,2097152
1788955506,505952,2097152,663368,2097152
1788955508,855264,2097152,1066112,2097152
1788955510,505952,2097152,663368,2097152
1788955512,855264,2097152,1066112,2097152
1788955514,505952,2097152,663368,2097152
1788955516,855264,2097152,1066112,2097152
1788955518,505952,2097152,663368,2097152
1788955520,505952,2097152,663368,2097152
1788955522,855264,2097152,1066112,2097152
1788955524,505952,2097152,663368,2097152
1788955526,505952,2097152,663368,2097152
1788955528,505952,2097152,663368,2097152
1788955530,505952,2097152,663368,2097152
1788955532,505952,2097152,663368,2097152
1788955534,505952,2097152,663368,2097152
1788955536,855264,2097152,1066112,2097152
1788955538,505952,2097152,663368,2097152
1788955540,855264,2097152,1066112,2097152
1788955542,505952,2097152,663368,2097152
1788955544,505952,2097152,663368,2097152
1788955546,505952,2097152,663368,2097152
1788955548,505952,2097152,663368,2097152
1788955550,505952,2097152,663368,2097152
1788955552,855264,2097152,1066112,2097152
1788955554,505952,2097152,663368,2097152
1788955556,505952,2097152,663368,2097152
1788955559,505952,2097152,663368,2097152
1788955561,505952,2097152,663368,2097152
1788955563,855264,2097152,1066112,2097152
1788955565,505952,2097152,663368,2097152
1788955567,505952,2097152,663368,2097152
1788955569,855264,2097152,1066112,2097152
1788955571,505952,2097152,663368,2097152
1788955573,505952,2097152,663368,2097152
1788955575,855264,2097152,1066112,2097152
1788955577,855264,2097152,1066112,2097152
1788955579,855264,2097152,1066112,2097152
1788955581,505952,2097152,663368,2097152
1788955583,855264,2097152,1066112,2097152
1788955585,505952,2097152,663368,2097152
1788955587,505952,2097152,663368,2097152
1788955589,505952,2097152,663368,2097152
1788955591,505952,2097152,663368,2097152
1788955593,505952,2097152,663368,2097152
1788955595,505952,2097152,663368,2097152
1788955597,505952,2097152,663368,2097152
1788955599,855264,2097152,1066112,2097152
1788955601,505952,2097152,663368,2097152
1788955603,505952,2097152,663368,2097152
1788955605,505952,2097152,663368,2097152
1788955607,505952,2097152,663368,2097152
1788955609,855264,2097152,1066112,2097152
1788955611,505952,2097152,663368,2097152
1788955613,505952,2097152,663368,2097152
1788955616,855264,2097152,1066112,2097152
1788955618,505952,2097152,663368,2097152
1788955620,855264,2097152,1066112,2097152
1788955622,505952,2097152,663368,2097152
1788955624,505952,2097152,663368,2097152
1788955626,505952,2097152,663368,2097152
1788955628,855264,2097152,1066112,2097152
1788955630,505952,2097152,663368,2097152
1788955632,505952,2097152,663368,2097152
1788955634,855264,2097152,1066112,2097152
1788955636,855264,2097152,1066112,2097152
1788955638,505952,2097152,663368,2097152
1788955640,505952,2097152,663368,2097152
1788955642,855264,2097152,1066112,2097152
1788955644,505952,2097152,663368,2097152
1788955646,505952,2097152,663368,2097152
1788955648,505952,2097152,663368,2097152
1788955650,505952,2097152,663368,2097152
1788955652,505952,2097152,663368,2097152
1788955654,855264,2097152,1066112,2097152
1788955656,505952,2097152,663368,2097152
1788955658,505952,2097152,663368,2097152
1788955660,855264,2097152,1066112,2097152
1788955662,505952,2097152,663368,2097152
1788955664,505952,2097152,663368,2097152
1788955666,505952,2097152,663368,2097152
1788955668,505952,2097152,663368,2097152
1788955670,855264,2097152,1066112,2097152
1788955672,505952,2097152,663368,2097152
1788955674,505952,2097152,663368,2097152
1788955677,855264,2097152,1066112,2097152
1788955679,855264,2097152,1066112,2097152
1788955681,855264,2097152,1066112,2097152
1788955683,855264,2097152,1066112,2097152
1788955685,505952,2097152,663368,2097152
1788955687,505952,2097152,663368,2097152
1788955689,505952,2097152,663368,2097152
1788955691,505952,2097152,663368,2097152
1788955693,855264,2097152,1066112,2097152
1788955695,855264,2097152,1066112,2097152
1788955697,855264,2097152,1066112,2097152
1788955699,505952,2097152,663368,2097152
1788955701,855264,2097152,1066112,2097152
1788955703,505952,2097152,663368,2097152
1788955705,505952,2097152,663368,2097152
1788955707,505952,2097152,663368,2097152
1788955709,855264,2097152,1066112,2097152
1788955711,505952,2097152,663368,2097152
1788955713,505952,2097152,663368,2097152
1788955715,505952,2097152,663368,2097152
1788955717,505952,2097152,663368,2097152
1788955719,505952,2097152,663368,2097152
1788955721,505952,2097152,663368,2097152
1788955723,855264,2097152,1066112,2097152
1788955725,505952,2097152,663368,2097152
1788955727,855264,2097152,1066112,2097152
1788955729,505952,2097152,663368,2097152
1788955731,505952,2097152,663368,2097152
1788955734,855264,2097152,1066112,2097152
1788955736,505952,2097152,663368,2097152
1788955738,855264,2097152,1066112,2097152
1788955740,505952,2097152,663368,2097152
1788955742,855264,2097152,1066112,2097152
1788955744,505952,2097152,663368,2097152
1788955746,505952,2097152,663368,2097152
1788955748,505952,2097152,663368,2097152
1788955750,505952,2097152,663368,2097152
1788955752,505952,2097152,663368,2097152
1788955754,855264,2097152,1066112,2097152
1788955756,855264,2097152,1066112,2097152
1788955758,505952,2097152,663368,2097152
1788955760,505952,2097152,663368,2097152
1788955762,505952,2097152,663368,2097152
1788955764,505952,2097152,663368,2097152
1788955766,855264,2097152,1066112,2097152
1788955768,505952,2097152,663368,2097152
1788955770,505952,2097152,663368,2097152
1788955772,505952,2097152,663368,2097152
1788955774,505952,2097152,663368,2097152
1788955776,855264,2097152,1066112,2097152
1788955778,505952,2097152,663368,2097152
1788955780,505952,2097152,663368,2097152
1788955782,855264,2097152,1066112,2097152
1788955784,505952,2097152,663368,2097152
1788955786,505952,2097152,663368,2097152
1788955788,505952,2097152,663368,2097152
1788955791,505952,2097152,663368,2097152
1788955793,855264,2097152,1066112,2097152
1788955795,505952,2097152,663368,2097152
1788955797,505952,2097152,663368,2097152
1788955799,505952,2097152,663368,2097152
1788955801,505952,2097152,663368,2097152
1788955803,505952,2097152,663368,2097152
1788955805,505952,2097152,663368,2097152
1788955807,505952,2097152,663368,2097152
1788955809,505952,2097152,663368,2097152
1788955811,505952,2097152,663368,2097152
1788955813,855264,2097152,1066112,2097152
1788955815,505952,2097152,663368,2097152
1788955817,505952,2097152,663368,2097152
1788955819,505952,2097152,663368,2097152
1788955821,505952,2097152,663368,2097152
1788955823,505952,2097152,663368,2097152
1788955825,505952,2097152,663368,2097152
1788955827,505952,2097152,663368,2097152
1788955829,505952,2097152,663368,2097152
1788955831,855264,2097152,1066112,2097152
1788955833,505952,2097152,663368,2097152
1788955835,855264,2097152,1066112,2097152
1788955837,855264,2097152,1066112,2097152
1788955839,505952,2097152,663368,2097152
1788955841,505952,2097152,663368,2097152
1788955843,505952,2097152,663368,2097152
1788955845,505952,2097152,663368,2097152
1788955847,505952,2097152,663368,2097152
1788955850,505952,2097152,663368,2097152
1788955852,855264,2097152,1066112,2097152
1788955854,505952,2097152,663368,2097152
1788955856,505952,2097152,663368,2097152
1788955858,855264,2097152,1066112,2097152
1788955860,855264,2097152,1066112,2097152
1788955862,855264,2097152,1066112,2097152
1788955864,505952,2097152,663368,2097152
1788955866,505952,2097152,663368,2097152
1788955868,855264,2097152,1066112,2097152
1788955870,855264,2097152,1066112,2097152
1788955872,505952,2097152,663368,2097152
1788955874,855264,2097152,1066112,2097152
1788955876,505952,2097152,663368,2097152
1788955878,855264,2097152,1066112,2097152
1788955880,505952,2097152,663368,2097152
1788955882,505952,2097152,663368,2097152
1788955884,855264,2097152,1066112,2097152
1788955886,855264,2097152,1066112,2097152
1788955888,855264,2097152,1066112,2097152
1788955890,505952,2097152,663368,2097152
1788955892,855264,2097152,1066112,2097152
1788955894,855264,2097152,1066112,2097152
1788955896,505952,2097152,663368,2097152
1788955898,505952,2097152,663368,2097152
1788955900,855264,2097152,1066112,2097152
1788955902,505952,2097152,663368,2097152
1788955904,505952,2097152,663368,2097152
1788955906,505952,2097152,663368,2097152
1788955909,855264,2097152,1066112,2097152
1788955911,855264,2097152,1066112,2097152
1788955913,855264,2097152,1066112,2097152
1788955915,505952,2097152,663368,2097152
1788955917,505952,2097152,663368,2097152
1788955919,855264,2097152,1066112,2097152
1788955921,505952,2097152,663368,2097152
1788955923,505952,2097152,663368,2097152
1788955925,505952,2097152,663368,2097152
1788955927,505952,2097152,663368,2097152
1788955929,505952,2097152,663368,2097152
1788955931,505952,2097152,663368,2097152
1788955933,505952,2097152,663368,2097152
1788955935,505952,2097152,663368,2097152
1788955937,855264,2097152,1066112,2097152
1788955939,505952,2097152,663368,2097152
1788955941,505952,2097152,663368,2097152
1788955943,505952,2097152,663368,2097152
1788955945,505952,2097152,663368,2097152
1788955947,505952,2097152,663368,2097152
1788955949,505952,2097152,663368,2097152
1788955951,505952,2097152,663368,2097152
1788955953,505952,2097152,663368,2097152
1788955955,505952,2097152,663368,2097152
1788955957,505952,2097152,663368,2097152
1788955959,505952,2097152,663368,2097152
1788955961,505952,2097152,663368,2097152
1788955963,855264,2097152,1066112,2097152
1788955965,855264,2097152,1066112,2097152
1788955967,505952,2097152,663368,2097152
1788955970,855264,2097152,1066112,2097152
1788955972,505952,2097152,663368,2097152
1788955974,505952,2097152,663368,2097152
1788955976,505952,2097152,663368,2097152
1788955978,855264,2097152,1066112,2097152
1788955980,505952,2097152,663368,2097152
1788955982,855264,2097152,1066112,2097152
1788955984,505952,2097152,663368,2097152
1788955986,505952,2097152,663368,2097152
1788955988,855264,2097152,1066112,2097152
1788955990,855264,2097152,1066112,2097152
1788955992,855264,2097152,1066112,2097152
1788955994,855264,2097152,1066112,2097152
1788955996,505952,2097152,663368,2097152
1788955998,505952,2097152,663368,2097152
1788956000,505952,2097152,663368,2097152
1788956002,505952,2097152,663368,2097152
1788956004,855264,2097152,1066112,2097152
1788956006,505952,2097152,663368,2097152
1788956008,855264,2097152,1066112,2097152
1788956010,505952,2097152,663368,2097152
1788956012,505952,2097152,663368,2097152
1788956014,505952,2097152,663368,2097152
1788956016,855264,2097152,1066112,2097152
1788956018,855264,2097152,1066112,2097152
1788956020,505952,2097152,663368,2097152
1788956022,505952,2097152,663368,2097152
1788956024,505952,2097152,663368,2097152
1788956026,505952,2097152,663368,2097152
1788956029,505952,2097152,663368,2097152
1788956031,505952,2097152,663368,2097152
1788956033,855264,2097152,1066112,2097152
1788956035,855264,2097152,1066112,2097152
1788956037,505952,2097152,663368,2097152
1788956039,505952,2097152,663368,2097152
1788956041,855264,2097152,1066112,2097152
1788956043,505952,2097152,663368,2097152
1788956045,505952,2097152,663368,2097152
1788956047,505952,2097152,663368,2097152
1788956049,855264,2097152,1066112,2097152
1788956051,505952,2097152,663368,2097152
1788956053,505952,2097152,663368,2097152
1788956055,505952,2097152,663368,2097152
1788956057,855264,2097152,1066112,2097152
1788956059,505952,2097152,663368,2097152
1788956061,505952,2097152,663368,2097152
1788956063,855264,2097152,1066112,2097152
1788956065,505952,2097152,663368,2097152
1788956067,855264,2097152,1066112,2097152
1788956069,505952,2097152,663368,2097152
1788956071,855264,2097152,1066112,2097152
1788956073,505952,2097152,663368,2097152
1788956075,855264,2097152,1066112,2097152
1788956077,505952,2097152,663368,2097152
1788956079,855264,2097152,1066112,2097152
1788956081,505952,2097152,663368,2097152
1788956083,505952,2097152,663368,2097152
1788956085,505952,2097152,663368,2097152
1788956088,505952,2097152,663368,2097152
1788956090,505952,2097152,663368,2097152
1788956092,505952,2097152,663368,2097152
1788956094,505952,2097152,663368,2097152
1788956096,505952,2097152,663368,2097152
1788956098,855264,2097152,1066112,2097152
1788956100,505952,2097152,663368,2097152
1788956102,855264,2097152,1066112,2097152
1788956104,505952,2097152,663368,2097152
1788956106,505952,2097152,663368,2097152
1788956108,855264,2097152,1066112,2097152
1788956110,505952,2097152,663368,2097152
1788956112,855264,2097152,1066112,2097152
1788956114,505952,2097152,663368,2097152
1788956116,505952,2097152,663368,2097152
1788956118,505952,2097152,663368,2097152
1788956120,505952,2097152,663368,2097152
1788956122,855264,2097152,1066112,2097152
1788956124,855264,2097152,1066112,2097152
1788956126,505952,2097152,663368,2097152
1788956128,505952,2097152,663368,2097152
1788956130,505952,2097152,663368,2097152
1788956132,505952,2097152,663368,2097152
1788956134,505952,2097152,663368,2097152
1788956136,505952,2097152,663368,2097152
1788956138,505952,2097152,663368,2097152
1788956140,855264,2097152,1066112,2097152
1788956142,505952,2097152,663368,2097152
1788956144,505952,2097152,663368,2097152
1788956147,505952,2097152,663368,2097152
1788956149,505952,2097152,663368,2097152
1788956151,505952,2097152,663368,2097152
1788956153,505952,2097152,663368,2097152
1788956155,505952,2097152,663368,2097152
1788956157,505952,2097152,663368,2097152
1788956159,505952,2097152,663368,2097152
1788956161,505952,2097152,663368,2097152
1788956163,505952,2097152,663368,2097152
1788956165,505952,2097152,663368,2097152
1788956167,505952,2097152,663368,2097152
1788956169,505952,2097152,663368,2097152
1788956171,855264,2097152,1066112,2097152
1788956173,505952,2097152,663368,2097152
1788956175,505952,2097152,663368,2097152
1788956177,505952,2097152,663368,2097152
1788956179,505952,2097152,663368,2097152
1788956181,505952,2097152,663368,2097152
1788956183,505952,2097152,663368,2097152
1788956185,505952,2097152,663368,2097152
1788956187,855264,2097152,1066112,2097152
1788956189,505952,2097152,663368,2097152
1788956191,505952,2097152,663368,2097152
1788956193,855264,2097152,1066112,2097152
1788956195,505952,2097152,663368,2097152
1788956197,505952,2097152,663368,2097152
1788956199,855264,2097152,1066112,2097152
1788956201,505952,2097152,663368,2097152
1788956204,505952,2097152,663368,2097152
1788956206,505952,2097152,663368,2097152
1788956208,505952,2097152,663368,2097152
1788956210,855264,2097152,1066112,2097152
1788956212,505952,2097152,663368,2097152
1788956214,855264,2097152,1066112,2097152
1788956216,855264,2097152,1066112,2097152
1788956218,505952,2097152,663368,2097152
1788956220,855264,2097152,1066112,2097152
1788956222,855264,2097152,1066112,2097152
1788956224,505952,2097152,663368,2097152
1788956226,855264,2097152,1066112,2097152
1788956228,855264,2097152,1066112,2097152
1788956230,505952,2097152,663368,2097152
1788956232,505952,2097152,663368,2097152
1788956234,855264,2097152,1066112,2097152
1788956236,855264,2097152,1066112,2097152
1788956238,505952,2097152,663368,2097152
1788956240,855264,2097152,1066112,2097152
1788956242,505952,2097152,663368,2097152
1788956244,505952,2097152,663368,2097152
1788956246,505952,2097152,663368,2097152
1788956248,505952,2097152,663368,2097152
1788956250,505952,2097152,663368,2097152
1788956252,855264,2097152,1066112,2097152
1788956254,505952,2097152,663368,2097152
1788956256,505952,2097152,663368,2097152
1788956258,505952,2097152,663368,2097152
1788956260,505952,2097152,663368,2097152
1788956263,505952,2097152,663368,2097152
1788956265,505952,2097152,663368,2097152
1788956267,505952,2097152,663368,2097152
1788956269,505952,2097152,663368,2097152
1788956271,505952,2097152,663368,2097152
1788956273,505952,2097152,663368,2097152
1788956275,505952,2097152,663368,2097152
1788956277,505952,2097152,663368,2097152
1788956279,505952,2097152,663368,2097152
1788956281,505952,2097152,663368,2097152
1788956283,505952,2097152,663368,2097152
1788956285,855264,2097152,1066112,2097152
1788956287,505952,2097152,663368,2097152
1788956289,505952,2097152,663368,2097152
1788956291,505952,2097152,663368,2097152
1788956293,505952,2097152,663368,2097152
1788956295,505952,2097152,663368,2097152
1788956297,505952,2097152,663368,2097152
1788956299,505952,2097152,663368,2097152
1788956301,855264,2097152,1066112,2097152
1788956303,855264,2097152,1066112,2097152
1788956305,505952,2097152,663368,2097152
1788956307,505952,2097152,663368,2097152
1788956309,505952,2097152,663368,2097152
1788956311,855264,2097152,1066112,2097152
1788956313,505952,2097152,663368,2097152
1788956315,855264,2097152,1066112,2097152
1788956317,505952,2097152,663368,2097152
1788956319,505952,2097152,663368,2097152
1788956321,855264,2097152,1066112,2097152
1788956324,505952,2097152,663368,2097152
1788956326,855264,2097152,1066112,2097152
1788956328,505952,2097152,663368,2097152
1788956330,855264,2097152,1066112,2097152
1788956332,855264,2097152,1066112,2097152
1788956334,505952,2097152,663368,2097152
1788956336,855264,2097152,1066112,2097152
1788956338,505952,2097152,663368,2097152
1788956340,505952,2097152,663368,2097152
1788956342,505952,2097152,663368,2097152
1788956344,855264,2097152,1066112,2097152
1788956346,855264,2097152,1066112,2097152
1788956348,855264,2097152,1066112,2097152
1788956350,855264,2097152,1066112,2097152
1788956352,855264,2097152,1066112,2097152
1788956354,855264,2097152,1066112,2097152
1788956356,505952,2097152,663368,2097152
1788956358,505952,2097152,663368,2097152
1788956360,505952,2097152,663368,2097152
1788956362,505952,2097152,663368,2097152
1788956364,505952,2097152,663368,2097152
1788956366,505952,2097152,663368,2097152
1788956368,505952,2097152,663368,2097152
1788956370,505952,2097152,663368,2097152
1788956372,505952,2097152,663368,2097152
1788956374,505952,2097152,663368,2097152
1788956376,855264,2097152,1066112,2097152
1788956378,505952,2097152,663368,2097152
1788956381,855264,2097152,1066112,2097152
1788956383,505952,2097152,663368,2097152
1788956385,855264,2097152,1066112,2097152
1788956387,505952,2097152,663368,2097152
1788956389,505952,2097152,663368,2097152
1788956391,505952,2097152,663368,2097152
1788956393,505952,2097152,663368,2097152
1788956395,505952,2097152,663368,2097152
1788956397,505952,2097152,663368,2097152
1788956399,505952,2097152,663368,2097152
1788956401,855264,2097152,1066112,2097152
1788956403,505952,2097152,663368,2097152
1788956405,505952,2097152,663368,2097152
1788956407,855264,2097152,1066112,2097152
1788956409,505952,2097152,663368,2097152
1788956411,855264,2097152,1066112,2097152
1788956413,505952,2097152,663368,2097152
1788956415,505952,2097152,663368,2097152
1788956417,855264,2097152,1066112,2097152
1788956419,505952,2097152,663368,2097152
1788956421,855264,2097152,1066112,2097152
1788956423,855264,2097152,1066112,2097152
1788956425,505952,2097152,663368,2097152
1788956427,855264,2097152,1066112,2097152
1788956429,505952,2097152,663368,2097152
1788956431,505952,2097152,663368,2097152
1788956433,505952,2097152,663368,2097152
1788956435,505952,2097152,663368,2097152
1788956438,505952,2097152,663368,2097152
1788956440,855264,2097152,1066112,2097152
1788956442,505952,2097152,663368,2097152
1788956444,855264,2097152,1066112,2097152
1788956446,855264,2097152,1066112,2097152
1788956448,505952,2097152,663368,2097152
1788956450,855264,2097152,1066112,2097152
1788956452,855264,2097152,1066112,2097152
1788956454,505952,2097152,663368,2097152
1788956456,505952,2097152,663368,2097152
1788956458,505952,2097152,663368,2097152
1788956460,505952,2097152,663368,2097152
1788956462,505952,2097152,663368,2097152
1788956464,505952,2097152,663368,2097152
1788956466,505952,2097152,663368,2097152
1788956468,855264,2097152,1066112,2097152
1788956470,505952,2097152,663368,2097152
1788956472,505952,2097152,663368,2097152
1788956474,855264,2097152,1066112,2097152
1788956476,855264,2097152,1066112,2097152
1788956478,505952,2097152,663368,2097152
1788956480,505952,2097152,663368,2097152
1788956482,855264,2097152,1066112,2097152
1788956484,505952,2097152,663368,2097152
1788956486,505952,2097152,663368,2097152
1788956488,505952,2097152,663368,2097152
1788956490,505952,2097152,663368,2097152
1788956492,505952,2097152,663368,2097152
1788956495,505952,2097152,663368,2097152
1788956497,505952,2097152,663368,2097152
1788956499,505952,2097152,663368,2097152
1788956501,505952,2097152,663368,2097152
1788956503,505952,2097152,663368,2097152
1788956505,855264,2097152,1066112,2097152
1788956507,855264,2097152,1066112,2097152
1788956509,855264,2097152,1066112,2097152
1788956511,855264,2097152,1066112,2097152
1788956513,505952,2097152,663368,2097152
1788956515,505952,2097152,663368,2097152
1788956517,505952,2097152,663368,2097152
1788956519,855264,2097152,1066112,2097152
1788956521,505952,2097152,663368,2097152
1788956523,505952,2097152,663368,2097152
1788956525,505952,2097152,663368,2097152
1788956527,505952,2097152,663368,2097152
1788956529,505952,2097152,663368,2097152
1788956531,855264,2097152,1066112,2097152
1788956533,505952,2097152,663368,2097152
1788956535,505952,2097152,663368,2097152
1788956537,505952,2097152,663368,2097152
1788956539,505952,2097152,663368,2097152
1788956541,505952,2097152,663368,2097152
1788956543,505952,2097152,663368,2097152
1788956545,855264,2097152,1066112,2097152
1788956547,855264,2097152,1066112,2097152
1788956549,505952,2097152,663368,2097152
1788956552,855264,2097152,1066112,2097152
1788956554,855264,2097152,1066112,2097152
1788956556,505952,2097152,663368,2097152
1788956558,855264,2097152,1066112,2097152
1788956560,505952,2097152,663368,2097152
1788956562,505952,2097152,663368,2097152
1788956564,505952,2097152,663368,2097152
1788956566,505952,2097152,663368,2097152
1788956568,855264,2097152,1066112,2097152
1788956570,505952,2097152,663368,2097152
1788956572,855264,2097152,1066112,2097152
1788956574,505952,2097152,663368,2097152
1788956576,855264,2097152,1066112,2097152
1788956578,855264,2097152,1066112,2097152
1788956580,505952,2097152,663368,2097152
1788956582,505952,2097152,663368,2097152
1788956584,855264,2097152,1066112,2097152
1788956586,505952,2097152,663368,2097152
1788956588,855264,2097152,1066112,2097152
1788956590,505952,2097152,663368,2097152
1788956592,505952,2097152,663368,2097152
1788956594,505952,2097152,663368,2097152
1788956596,505952,2097152,663368,2097152
1788956598,855264,2097152,1066112,2097152
1788956600,855264,2097152,1066112,2097152
1788956602,855264,2097152,1066112,2097152
1788956604,505952,2097152,663368,2097152
1788956606,505952,2097152,663368,2097152
1788956608,855264,2097152,1066112,2097152
1788956611,505952,2097152,663368,2097152
1788956613,855264,2097152,1066112,2097152
1788956615,505952,2097152,663368,2097152
1788956617,505952,2097152,663368,2097152
1788956619,855264,2097152,1066112,2097152
1788956621,505952,2097152,663368,2097152
1788956623,505952,2097152,663368,2097152
1788956625,855264,2097152,1066112,2097152
1788956627,855264,2097152,1066112,2097152
1788956629,855264,2097152,1066112,2097152
1788956631,505952,2097152,663368,2097152
1788956633,505952,2097152,663368,2097152
1788956635,505952,2097152,663368,2097152
1788956637,505952,2097152,663368,2097152
1788956639,505952,2097152,663368,2097152
1788956641,505952,2097152,663368,2097152
1788956643,505952,2097152,663368,2097152
1788956645,505952,2097152,663368,2097152
1788956647,505952,2097152,663368,2097152
1788956649,505952,2097152,663368,2097152
1788956651,855264,2097152,1066112,2097152
1788956653,505952,2097152,663368,2097152
1788956655,505952,2097152,663368,2097152
1788956657,855264,2097152,1066112,2097152
1788956659,855264,2097152,1066112,2097152
1788956661,505952,2097152,663368,2097152
1788956663,505952,2097152,663368,2097152
1788956665,505952,2097152,663368,2097152
1788956667,855264,2097152,1066112,2097152
1788956670,505952,2097152,663368,2097152
1788956672,505952,2097152,663368,2097152
1788956674,505952,2097152,663368,2097152
1788956676,505952,2097152,663368,2097152
1788956678,505952,2097152,663368,2097152
1788956680,855264,2097152,1066112,2097152
1788956682,855264,2097152,1066112,2097152
1788956684,505952,2097152,663368,2097152
1788956686,505952,2097152,663368,2097152
1788956688,505952,2097152,663368,2097152
1788956690,505952,2097152,663368,2097152
1788956692,505952,2097152,663368,2097152
1788956694,855264,2097152,1066112,2097152
1788956696,505952,2097152,663368,2097152
1788956698,505952,2097152,663368,2097152
1788956700,505952,2097152,663368,2097152
1788956702,855264,2097152,1066112,2097152
1788956704,505952,2097152,663368,2097152
1788956706,855264,2097152,1066112,2097152
1788956708,505952,2097152,663368,2097152
1788956710,505952,2097152,663368,2097152
1788956712,855264,2097152,1066112,2097152
1788956714,505952,2097152,663368,2097152
1788956716,505952,2097152,663368,2097152
1788956718,855264,2097152,1066112,2097152
1788956720,855264,2097152,1066112,2097152
1788956722,855264,2097152,1066112,2097152
1788956724,855264,2097152,1066112,2097152
1788956726,855264,2097152,1066112,2097152
1788956729,855264,2097152,1066112,2097152
1788956731,855264,2097152,1066112,2097152
1788956733,855264,2097152,1066112,2097152
1788956735,855264,2097152,1066112,2097152
1788956737,505952,2097152,663368,2097152
1788956739,855264,2097152,1066112,2097152
1788956741,855264,2097152,1066112,2097152
1788956743,505952,2097152,663368,2097152
1788956745,505952,2097152,663368,2097152
1788956747,505952,2097152,663368,2097152
1788956749,855264,2097152,1066112,2097152
1788956751,505952,2097152,663368,2097152
1788956753,855264,2097152,1066112,2097152
1788956755,505952,2097152,663368,2097152
1788956757,505952,2097152,663368,2097152
1788956759,505952,2097152,663368,2097152
1788956761,855264,2097152,1066112,2097152
1788956763,855264,2097152,1066112,2097152
1788956765,855264,2097152,1066112,2097152
1788956767,505952,2097152,663368,2097152
1788956769,855264,2097152,1066112,2097152
1788956771,855264,2097152,1066112,2097152
1788956773,505952,2097152,663368,2097152
1788956775,855264,2097152,1066112,2097152
1788956777,505952,2097152,663368,2097152
1788956779,505952,2097152,663368,2097152
1788956781,505952,2097152,663368,2097152
1788956783,855264,2097152,1066112,2097152
1788956785,505952,2097152,663368,2097152
1788956788,855264,2097152,1066112,2097152
1788956790,505952,2097152,663368,2097152
1788956792,505952,2097152,663368,2097152
1788956794,505952,2097152,663368,2097152
1788956796,855264,2097152,1066112,2097152
1788956798,855264,2097152,1066112,2097152
1788956800,855264,2097152,1066112,2097152
1788956802,505952,2097152,663368,2097152
1788956804,505952,2097152,663368,2097152
1788956806,855264,2097152,1066112,2097152
1788956808,855264,2097152,1066112,2097152
1788956810,505952,2097152,663368,2097152
1788956812,855264,2097152,1066112,2097152
1788956814,505952,2097152,663368,2097152
1788956816,505952,2097152,663368,2097152
1788956818,855264,2097152,1066112,2097152
1788956820,855264,2097152,1066112,2097152
1788956822,855264,2097152,1066112,2097152
1788956824,505952,2097152,663368,2097152
1788956826,505952,2097152,663368,2097152
1788956828,505952,2097152,663368,2097152
1788956830,855264,2097152,1066112,2097152
1788956832,855264,2097152,1066112,2097152
1788956834,505952,2097152,663368,2097152
1788956836,505952,2097152,663368,2097152
1788956838,855264,2097152,1066112,2097152
1788956840,855264,2097152,1066112,2097152
1788956842,505952,2097152,663368,2097152
1788956845,855264,2097152,1066112,2097152
1788956847,505952,2097152,663368,2097152
1788956849,855264,2097152,1066112,2097152
1788956851,505952,2097152,663368,2097152
1788956853,855264,2097152,1066112,2097152
1788956855,855264,2097152,1066112,2097152
1788956857,855264,2097152,1066112,2097152
1788956859,505952,2097152,663368,2097152
1788956861,505952,2097152,663368,2097152
1788956863,505952,2097152,663368,2097152
1788956865,505952,2097152,663368,2097152
1788956867,505952,2097152,663368,2097152
1788956869,505952,2097152,663368,2097152
1788956871,855264,2097152,1066112,2097152
1788956873,505952,2097152,663368,2097152
1788956875,505952,2097152,663368,2097152
1788956877,855264,2097152,1066112,2097152
1788956879,855264,2097152,1066112,2097152
1788956881,505952,2097152,663368,2097152
1788956883,505952,2097152,663368,2097152
1788956885,855264,2097152,1066112,2097152
1788956887,505952,2097152,663368,2097152
1788956889,505952,2097152,663368,2097152
1788956891,505952,2097152,663368,2097152
1788956893,505952,2097152,663368,2097152
1788956895,505952,2097152,663368,2097152
1788956897,855264,2097152,1066112,2097152
1788956899,505952,2097152,663368,2097152
1788956901,505952,2097152,663368,2097152
1788956904,505952,2097152,663368,2097152
1788956906,855264,2097152,1066112,2097152
1788956908,855264,2097152,1066112,2097152
1788956910,505952,2097152,663368,2097152
1788956912,505952,2097152,663368,2097152
1788956914,505952,2097152,663368,2097152
1788956916,505952,2097152,663368,2097152
1788956918,855264,2097152,1066112,2097152
1788956920,505952,2097152,663368,2097152
1788956922,505952,2097152,663368,2097152
1788956924,855264,2097152,1066112,2097152
1788956926,505952,2097152,663368,2097152
1788956928,855264,2097152,1066112,2097152
1788956930,505952,2097152,663368,2097152
1788956932,505952,2097152,663368,2097152
1788956934,505952,2097152,663368,2097152
1788956936,505952,2097152,663368,2097152
1788956938,855264,2097152,1066112,2097152
1788956940,855264,2097152,1066112,2097152
1788956942,855264,2097152,1066112,2097152
1788956944,855264,2097152,1066112,2097152
1788956946,505952,2097152,663368,2097152
1788956948,855264,2097152,1066112,2097152
1788956950,505952,2097152,663368,2097152
1788956952,505952,2097152,663368,2097152
1788956954,855264,2097152,1066112,2097152
1788956956,505952,2097152,663368,2097152
1788956958,505952,2097152,663368,2097152
1788956960,505952,2097152,663368,2097152
1788956962,505952,2097152,663368,2097152
1788956965,855264,2097152,1066112,2097152
1788956967,505952,2097152,663368,2097152
1788956969,855264,2097152,1066112,2097152
1788956971,505952,2097152,663368,2097152
1788956973,505952,2097152,663368,2097152
1788956975,855264,2097152,1066112,2097152
1788956977,505952,2097152,663368,2097152
1788956979,855264,2097152,1066112,2097152
1788956981,505952,2097152,663368,2097152
1788956983,505952,2097152,663368,2097152
1788956985,505952,2097152,663368,2097152
1788956987,505952,2097152,663368,2097152
1788956989,855264,2097152,1066112,2097152
1788956991,505952,2097152,663368,2097152
1788956993,505952,2097152,663368,2097152
1788956995,505952,2097152,663368,2097152
1788956997,505952,2097152,663368,2097152
1788956999,505952,2097152,663368,2097152
1788957001,505952,2097152,663368,2097152
1788957003,505952,2097152,663368,2097152
1788957005,505952,2097152,663368,2097152
1788957007,855264,2097152,1066112,2097152
1788957009,505952,2097152,663368,2097152
1788957011,505952,2097152,663368,2097152
1788957013,505952,2097152,663368,2097152
1788957015,505952,2097152,663368,2097152
1788957017,505952,2097152,663368,2097152
1788957019,505952,2097152,663368,2097152
1788957021,855264,2097152,1066112,2097152
1788957023,855264,2097152,1066112,2097152
1788957026,505952,2097152,663368,2097152
1788957028,505952,2097152,663368,2097152
1788957030,505952,2097152,663368,2097152
1788957032,505952,2097152,663368,2097152
1788957034,505952,2097152,663368,2097152
1788957036,855264,2097152,1066112,2097152
1788957038,505952,2097152,663368,2097152
1788957040,855264,2097152,1066112,2097152
1788957042,505952,2097152,663368,2097152
1788957044,505952,2097152,663368,2097152
1788957046,505952,2097152,663368,2097152
1788957048,855264,2097152,1066112,2097152
1788957050,505952,2097152,663368,2097152
1788957052,505952,2097152,663368,2097152
1788957054,855264,2097152,1066112,2097152
1788957056,855264,2097152,1066112,2097152
1788957058,505952,2097152,663368,2097152
1788957060,505952,2097152,663368,2097152
1788957062,505952,2097152,663368,2097152
1788957064,505952,2097152,663368,2097152
1788957066,505952,2097152,663368,2097152
1788957068,855264,2097152,1066112,2097152
1788957070,505952,2097152,663368,2097152
1788957072,505952,2097152,663368,2097152
1788957074,855264,2097152,1066112,2097152
1788957076,855264,2097152,1066112,2097152
1788957078,505952,2097152,663368,2097152
1788957080,505952,2097152,663368,2097152
1788957082,855264,2097152,1066112,2097152
1788957084,505952,2097152,663368,2097152
1788957086,505952,2097152,663368,2097152
1788957089,505952,2097152,663368,2097152
1788957091,505952,2097152,663368,2097152
1788957093,505952,2097152,663368,2097152
1788957095,855264,2097152,1066112,2097152
1788957097,505952,2097152,663368,2097152
1788957099,505952,2097152,663368,2097152
1788957101,505952,2097152,663368,2097152
1788957103,855264,2097152,1066112,2097152
1788957105,855264,2097152,1066112,2097152
1788957107,505952,2097152,663368,2097152
1788957109,855264,2097152,1066112,2097152
1788957111,505952,2097152,663368,2097152
1788957113,505952,2097152,663368,2097152
1788957115,505952,2097152,663368,2097152
1788957117,855264,2097152,1066112,2097152
1788957119,505952,2097152,663368,2097152
1788957121,855264,2097152,1066112,2097152
1788957123,855264,2097152,1066112,2097152
1788957125,855264,2097152,1066112,2097152
1788957127,855264,2097152,1066112,2097152
1788957129,855264,2097152,1066112,2097152
1788957131,505952,2097152,663368,2097152
1788957133,505952,2097152,663368,2097152
1788957135,855264,2097152,1066112,2097152
1788957137,855264,2097152,1066112,2097152
1788957139,855264,2097152,1066112,2097152
1788957141,505952,2097152,663368,2097152
1788957143,505952,2097152,663368,2097152
1788957145,505952,2097152,663368,2097152
1788957147,505952,2097152,663368,2097152
1788957149,505952,2097152,663368,2097152
1788957152,855264,2097152,1066112,2097152
1788957154,505952,2097152,663368,2097152
1788957156,505952,2097152,663368,2097152
1788957158,855264,2097152,1066112,2097152
1788957160,505952,2097152,663368,2097152
1788957162,855264,2097152,1066112,2097152
1788957164,505952,2097152,663368,2097152
1788957166,505952,2097152,663368,2097152
1788957168,855264,2097152,1066112,2097152
1788957170,505952,2097152,663368,2097152
1788957172,505952,2097152,663368,2097152
1788957174,855264,2097152,1066112,2097152
1788957176,505952,2097152,663368,2097152
1788957178,505952,2097152,663368,2097152
1788957180,505952,2097152,663368,2097152
1788957182,505952,2097152,663368,2097152
1788957184,505952,2097152,663368,2097152
1788957186,505952,2097152,663368,2097152
1788957188,855264,2097152,1066112,2097152
1788957190,855264,2097152,1066112,2097152
1788957192,505952,2097152,663368,2097152
1788957194,505952,2097152,663368,2097152
1788957196,505952,2097152,663368,2097152
1788957198,505952,2097152,663368,2097152
1788957200,505952,2097152,663368,2097152
1788957202,855264,2097152,1066112,2097152
1788957204,505952,2097152,663368,2097152
1788957206,505952,2097152,663368,2097152
1788957208,505952,2097152,663368,2097152
1788957210,505952,2097152,663368,2097152
1788957212,505952,2097152,663368,2097152
1788957215,505952,2097152,663368,2097152
1788957217,505952,2097152,663368,2097152
1788957219,855264,2097152,1066112,2097152
1788957221,505952,2097152,663368,2097152
1788957223,505952,2097152,663368,2097152
1788957225,855264,2097152,1066112,2097152
1788957227,505952,2097152,663368,2097152
1788957229,855264,2097152,1066112,2097152
1788957231,855264,2097152,1066112,2097152
1788957233,855264,2097152,1066112,2097152
1788957235,505952,2097152,663368,2097152
1788957237,505952,2097152,663368,2097152
1788957239,855264,2097152,1066112,2097152
1788957241,505952,2097152,663368,2097152
1788957243,855264,2097152,1066112,2097152
1788957245,505952,2097152,663368,2097152
1788957247,505952,2097152,663368,2097152
1788957249,505952,2097152,663368,2097152
1788957251,505952,2097152,663368,2097152
1788957253,505952,2097152,663368,2097152
1788957255,505952,2097152,663368,2097152
1788957257,505952,2097152,663368,2097152
1788957259,855264,2097152,1066112,2097152
1788957261,855264,2097152,1066112,2097152
1788957263,855264,2097152,1066112,2097152
1788957265,505952,2097152,663368,2097152
1788957267,505952,2097152,663368,2097152
1788957269,855264,2097152,1066112,2097152
1788957272,855264,2097152,1066112,2097152
1788957274,505952,2097152,663368,2097152
1788957276,505952,2097152,663368,2097152
1788957278,505952,2097152,663368,2097152
1788957280,505952,2097152,663368,2097152
1788957282,505952,2097152,663368,2097152
1788957284,505952,2097152,663368,2097152
1788957286,505952,2097152,663368,2097152
1788957288,505952,2097152,663368,2097152
1788957290,505952,2097152,663368,2097152
1788957292,855264,2097152,1066112,2097152
1788957294,505952,2097152,663368,2097152
1788957296,505952,2097152,663368,2097152
1788957298,505952,2097152,663368,2097152
1788957300,855264,2097152,1066112,2097152
1788957302,505952,2097152,663368,2097152
1788957304,855264,2097152,1066112,2097152
1788957306,855264,2097152,1066112,2097152
1788957308,505952,2097152,663368,2097152
1788957310,505952,2097152,663368,2097152
1788957312,505952,2097152,663368,2097152
1788957314,855264,2097152,1066112,2097152
1788957316,505952,2097152,663368,2097152
1788957318,855264,2097152,1066112,2097152
1788957320,855264,2097152,1066112,2097152
1788957322,855264,2097152,1066112,2097152
1788957324,505952,2097152,663368,2097152
1788957326,855264,2097152,1066112,2097152
1788957329,505952,2097152,663368,2097152
1788957331,855264,2097152,1066112,2097152
1788957333,505952,2097152,663368,2097152
1788957335,505952,2097152,663368,2097152
1788957337,505952,2097152,663368,2097152
1788957339,505952,2097152,663368,2097152
1788957341,505952,2097152,663368,2097152
1788957343,505952,2097152,663368,2097152
1788957345,855264,2097152,1066112,2097152
1788957347,855264,2097152,1066112,2097152
1788957349,855264,2097152,1066112,2097152
1788957351,855264,2097152,1066112,2097152
1788957353,505952,2097152,663368,2097152
1788957355,505952,2097152,663368,2097152
1788957357,505952,2097152,663368,2097152
1788957359,505952,2097152,663368,2097152
1788957361,505952,2097152,663368,2097152
1788957363,855264,2097152,1066112,2097152
1788957365,855264,2097152,1066112,2097152
1788957367,505952,2097152,663368,2097152
1788957369,855264,2097152,1066112,2097152
1788957371,855264,2097152,1066112,2097152
1788957373,855264,2097152,1066112,2097152
1788957375,505952,2097152,663368,2097152
1788957377,505952,2097152,663368,2097152
1788957379,505952,2097152,663368,2097152
1788957381,855264,2097152,1066112,2097152
1788957383,505952,2097152,663368,2097152
1788957386,505952,2097152,663368,2097152
1788957388,505952,2097152,663368,2097152
1788957390,505952,2097152,663368,2097152
1788957392,505952,2097152,663368,2097152
1788957394,855264,2097152,1066112,2097152
1788957396,855264,2097152,1066112,2097152
1788957398,505952,2097152,663368,2097152
1788957400,855264,2097152,1066112,2097152
1788957402,505952,2097152,663368,2097152
1788957404,505952,2097152,663368,2097152
